building_id,building_name,physical_facet_uid,source_surface_uids,source_surface_count,part_ids,plan_wkt,area_plan,area_3d,tilt_deg
DEBW522AA0000c243,08111000_0_030_31900_000,DEBW522AA0000c243_PF001,S0001,1,DEBW522AA0000c245,"POLYGON ((512994.18 5403410.76, 512989.16 5403413.81, 512987.28 5403410.71, 512970.49 5403420.9, 512973.96 5403422.62, 512976.33 5403423.79, 512978.51 5403424.87, 512979.34 5403423.19, 512983.42 5403425.21, 512986.07 5403422.55, 512989.3 5403419.57, 512992.65 5403416.73, 512996.1 5403414.01, 512998.41 5403412.34, 513000.81 5403410.79, 513003.28 5403409.37, 513005.83 5403408.09, 513007.62 5403407.32, 513009.47 5403406.74, 513011.38 5403406.35, 513013.32 5403406.17, 513014.51 5403406.23, 513015.69 5403406.43, 513016.83 5403406.78, 513017.92 5403407.26, 513018.95 5403407.86, 513019.86 5403408.55, 513020.68 5403409.33, 513021.42 5403410.19, 513022.05 5403411.13, 513023.21 5403413.24, 513024.15 5403415.45, 513024.91 5403418.16, 513025.52 5403420.9, 513025.98 5403423.68, 513026.13 5403424.88, 513026.26 5403426.08, 513029.22 5403420.08, 513027.84 5403419.42, 513030.49 5403414.05, 513031.85 5403414.72, 513033.77 5403410.84, 513025.11 5403396.55, 513025.9 5403395.91, 513023.08 5403392.44, 513021.75 5403393.22, 513020.26 5403390.73, 512992.3 5403407.69, 512994.18 5403410.76))",662.0128999914912,662.0128999914912,0.0
DEBW522AA0000c243,08111000_0_030_31900_000,DEBW522AA0000c243_PF002,S0002|S0003,2,DEBW522AA0000c245,"POLYGON ((513018.39 5403408.61, 513018.03 5403409.33, 513017.81 5403410.17, 513017.9 5403410.69, 513018.15 5403411.14, 513018.53 5403411.49, 513019 5403411.7, 513019.52 5403411.73, 513020.4 5403411.69, 513021.25 5403411.48, 513022.05 5403411.13, 513021.42 5403410.19, 513020.68 5403409.33, 513019.86 5403408.55, 513018.95 5403407.86, 513018.39 5403408.61))",9.983300000488397,9.983300000488398,0.0
DEBW522AA0000c243,08111000_0_030_31900_000,DEBW522AA0000c243_PF003,S0004,1,DEBW522AA0000c244,"POLYGON ((513009.23 5403379.84, 513009.14 5403379.56, 512984.36 5403394.61, 512985.49 5403396.47, 513019.49 5403375.84, 513018.28 5403374.35, 513009.23 5403379.84))",83.51619999651673,83.51619999651679,0.0
DEBW522AA0000c243,08111000_0_030_31900_000,DEBW522AA0000c243_PF004,S0005,1,DEBW522AA0000c244,"POLYGON ((513022.12 5403379.11, 513019.49 5403375.84, 513018.28 5403374.35, 513009.23 5403379.84, 513010.62 5403384.65, 513019.34 5403381.57, 513018.72 5403380.54, 513021.57 5403378.81, 513022.68 5403380.39, 513024.45 5403379.62, 513023.59 5403378.21, 513022.12 5403379.11))",69.99320000406536,69.99320000406536,0.0
DEBW522AA0000c243,08111000_0_030_31900_000,DEBW522AA0000c243_PF005,S0006,1,DEBW522AA0000c244,"POLYGON ((513021.75 5403393.22, 513023.08 5403392.44, 513028.58 5403389.08, 513027.05 5403386.5, 513020.26 5403390.73, 513021.75 5403393.22))",23.672100000055426,23.67210000005543,0.0
DEBW522AA0000c243,08111000_0_030_31900_000,DEBW522AA0000c243_PF006,S0007,1,DEBW522AA0000c244,"POLYGON ((513019.49 5403375.84, 512985.49 5403396.47, 512990.65 5403404.96, 512992.3 5403407.69, 513020.26 5403390.73, 513027.05 5403386.5, 513028.58 5403389.08, 513029.77 5403388.35, 513024.45 5403379.62, 513023.59 5403378.21, 513022.12 5403379.11, 513019.49 5403375.84))",547.2961000203032,547.296100020303,0.0
DEBW522AA0002496d,08111000_0_011_15860_000,DEBW522AA0002496d_PF001,S0008,1,DEBW522AA0002496f,"POLYGON ((513075.11 5403280.19, 513068.58 5403268.96, 513068.44 5403268.74, 513053.32 5403270.07, 513053.42 5403271.17, 513052.81 5403271.28, 513052.89 5403272, 513052.97 5403272.79, 513053.06 5403273.57, 513053.16 5403274.36, 513053.26 5403275.13, 513053.36 5403275.92, 513053.47 5403276.7, 513053.59 5403277.48, 513053.71 5403278.26, 513053.83 5403279.05, 513053.95 5403279.83, 513054.09 5403280.61, 513054.22 5403281.39, 513054.36 5403282.16, 513054.51 5403282.94, 513054.66 5403283.72, 513054.81 5403284.49, 513054.97 5403285.27, 513055.13 5403286.04, 513055.29 5403286.82, 513055.46 5403287.59, 513055.63 5403288.36, 513055.81 5403289.13, 513055.99 5403289.9, 513056.18 5403290.67, 513056.37 5403291.44, 513056.57 5403292.2, 513056.77 5403292.97, 513056.92 5403293.52, 513068.78 5403291.23, 513072.13 5403296.73, 513072.2 5403296.69, 513081.7 5403291.06, 513077.99 5403284.94, 513076.58 5403282.57, 513075.11 5403280.19))",507.8813499956208,507.881349995621,0.0
DEBW522AA0002496d,08111000_0_011_15860_000,DEBW522AA0002496d_PF002,S0009,1,DEBW522AA0002496e,"POLYGON ((513052.81 5403271.28, 513053.42 5403271.17, 513053.32 5403270.07, 513046.22 5403270.78, 513053.01 5403304.08, 513059.47 5403301.79, 513057.01 5403293.86, 513056.96 5403293.7, 513056.92 5403293.52, 513056.77 5403292.97, 513056.57 5403292.2, 513056.37 5403291.44, 513056.18 5403290.67, 513055.99 5403289.9, 513055.81 5403289.13, 513055.63 5403288.36, 513055.46 5403287.59, 513055.29 5403286.82, 513055.13 5403286.04, 513054.97 5403285.27, 513054.81 5403284.49, 513054.66 5403283.72, 513054.51 5403282.94, 513054.36 5403282.16, 513054.22 5403281.39, 513054.09 5403280.61, 513053.95 5403279.83, 513053.83 5403279.05, 513053.71 5403278.26, 513053.59 5403277.48, 513053.47 5403276.7, 513053.36 5403275.92, 513053.26 5403275.13, 513053.16 5403274.36, 513053.06 5403273.57, 513052.97 5403272.79, 513052.89 5403272, 513052.81 5403271.28))",200.39024999900656,202.4103176062726,8.101512614418768
DEBW522AA0002496d,08111000_0_011_15860_000,DEBW522AA0002496d_PF003,S0010,1,DEBW522AA0002496e,"POLYGON ((513053.01 5403304.08, 513046.22 5403270.78, 513039.19 5403271.48, 513039.71 5403276.56, 513039.01 5403276.65, 513039.1 5403277.43, 513039.19 5403278.21, 513039.29 5403279, 513039.4 5403279.78, 513039.51 5403280.56, 513039.62 5403281.34, 513039.74 5403282.12, 513039.87 5403282.89, 513040 5403283.67, 513040.13 5403284.45, 513040.27 5403285.22, 513040.42 5403286, 513040.57 5403286.77, 513040.72 5403287.54, 513040.88 5403288.31, 513041.05 5403289.08, 513041.22 5403289.85, 513041.4 5403290.62, 513041.58 5403291.39, 513041.76 5403292.15, 513041.96 5403292.92, 513042.15 5403293.68, 513042.35 5403294.44, 513042.56 5403295.2, 513042.77 5403295.96, 513042.99 5403296.72, 513043.21 5403297.46, 513043.43 5403298.22, 513043.67 5403298.97, 513043.9 5403299.72, 513044.14 5403300.47, 513044.39 5403301.22, 513044.64 5403301.97, 513044.9 5403302.71, 513045.16 5403303.46, 513045.42 5403304.2, 513045.69 5403304.94, 513045.97 5403305.68, 513046.31 5403306.57, 513046.85 5403306.38, 513046.82 5403306.28, 513053.01 5403304.08))",285.7957999965706,288.8962274607748,8.401689980820427
DEBW522AA00040850,08111000_0_014_32960_000,DEBW522AA00040850_PF001,S0011|S0013,2,DEBW522AA00040853,"POLYGON ((513121.66 5403264.45, 513120.97 5403264.87, 513118.16 5403260.22, 513117.91 5403260.37, 513125.14 5403272.32, 513134.99 5403266.41, 513133.08 5403263.18, 513125.01 5403271.53, 513122.58 5403267.52, 513123.28 5403267.09, 513121.66 5403264.45), (513125.12 5403271.71, 513133.04 5403263.51, 513134.72 5403266.34, 513125.29 5403272, 513125.12 5403271.71))",11.842800003489529,11.842800003489526,0.0
DEBW522AA00040850,08111000_0_014_32960_000,DEBW522AA00040850_PF002,S0012,1,DEBW522AA00040853,"POLYGON ((513133.04 5403263.51, 513125.12 5403271.71, 513125.29 5403272, 513134.72 5403266.34, 513133.04 5403263.51))",19.943250000540978,19.94325000054098,0.0
DEBW522AA00040850,08111000_0_014_32960_000,DEBW522AA00040850_PF003,S0014,1,DEBW522AA00040852,"POLYGON ((513127.58 5403254.1, 513117.98 5403259.92, 513110.65 5403247.82, 513120.24 5403241.98, 513120.06 5403241.68, 513110.17 5403247.7, 513110.21 5403247.77, 513110.26 5403247.74, 513117.91 5403260.37, 513118.16 5403260.22, 513127.76 5403254.4, 513127.58 5403254.1))",12.217050007413706,12.217050007413647,0.0
DEBW522AA00040850,08111000_0_014_32960_000,DEBW522AA00040850_PF004,S0015,1,DEBW522AA00040852,"POLYGON ((513110.65 5403247.82, 513117.98 5403259.92, 513127.58 5403254.1, 513120.24 5403241.98, 513110.65 5403247.82))",158.958499994794,158.958499994794,0.0
DEBW522AA00040850,08111000_0_014_32960_000,DEBW522AA00040850_PF005,S0016,1,DEBW522AA00040851,"POLYGON ((513135.54 5403266.55, 513125.69 5403272.45, 513133.21 5403284.85, 513154.61 5403271.87, 513132.13 5403234.68, 513120.54 5403241.7, 513135.54 5403266.55))",755.4078999996113,755.4078999996113,0.0
DEBW522AA00040850,08111000_0_014_32960_000,DEBW522AA00040850_PF006,S0017|S0018,2,DEBW522AA00040851,"POLYGON ((513132.26 5403234.13, 513119.99 5403241.56, 513120.06 5403241.68, 513127.76 5403254.4, 513133.08 5403263.18, 513134.99 5403266.41, 513125.14 5403272.32, 513132.71 5403284.8, 513132.57 5403284.88, 513132.93 5403285.48, 513155.16 5403272.01, 513132.26 5403234.13), (513154.61 5403271.87, 513133.21 5403284.85, 513125.69 5403272.45, 513135.54 5403266.55, 513120.54 5403241.7, 513132.13 5403234.68, 513154.61 5403271.87))",55.01610000760354,55.01610000760354,0.0
DEBW522AA00034018,08111000_0_001_32960_000,DEBW522AA00034018_PF001,S0019,1,DEBW522AA0003401b,"POLYGON ((513241.62 5403339.73, 513236.63 5403342.73, 513236.75 5403342.92, 513237.59 5403344.23, 513239.65 5403342.92, 513240.9 5403344.87, 513238.78 5403346.22, 513239.55 5403347.36, 513244.41 5403344.35, 513241.62 5403339.73))",25.67414999814683,25.674149998146834,0.0
DEBW522AA00034018,08111000_0_001_32960_000,DEBW522AA00034018_PF002,S0020,1,DEBW522AA0003401a,"POLYGON ((513230.09 5403346.95, 513227.96 5403348.24, 513230.73 5403352.8, 513232.95 5403351.44, 513230.09 5403346.95))",13.571749999054475,13.571749999054475,0.0
DEBW522AA00034018,08111000_0_001_32960_000,DEBW522AA00034018_PF003,S0021,1,DEBW522AA00034019,"POLYGON ((513239.65 5403342.92, 513237.59 5403344.23, 513236.75 5403342.92, 513230.09 5403346.95, 513232.95 5403351.44, 513239.55 5403347.36, 513238.78 5403346.22, 513240.9 5403344.87, 513239.65 5403342.92))",46.76145000212757,46.76145000212757,0.0
DEBW522AA0002574d,08111000_0_002_30740_000,DEBW522AA0002574d_PF001,S0022,1,DEBW522AA0002574e,"POLYGON ((513310.95 5403321.41, 513309.08 5403318.41, 513297.49 5403325.57, 513284.36 5403304.35, 513287.35 5403302.51, 513281.68 5403293.35, 513290.86 5403287.82, 513290.95 5403287.76, 513289.42 5403285.25, 513260.83 5403302.83, 513260.88 5403302.92, 513262.39 5403305.41, 513270.64 5403300.2, 513276.29 5403309.34, 513279.41 5403307.41, 513292.4 5403328.73, 513280.77 5403335.92, 513283.42 5403340.2, 513311.74 5403322.68, 513311.37 5403322.1, 513310.95 5403321.41))",552.2497499983839,552.249749998384,0.0
DEBW522AA0002574d,08111000_0_002_30740_000,DEBW522AA0002574d_PF002,S0023|S0024,2,DEBW522AA0002574e,"POLYGON ((513304.93 5403325.14, 513304.81 5403325.21, 513305.6 5403326.48, 513305.71 5403326.41, 513304.93 5403325.14))",0.20100000031501986,1.6731584677942113,83.10027487759884
DEBW522AA0002574d,08111000_0_002_30740_000,DEBW522AA0002574d_PF003,S0025,1,DEBW522AA0002574e,"POLYGON ((513304.6 5403325.34, 513305.39 5403326.61, 513305.6 5403326.48, 513304.81 5403325.21, 513304.6 5403325.34))",0.3694000000041211,1.0418059404939044,69.2325030742344
DEBW522AA0002574d,08111000_0_002_30740_000,DEBW522AA0002574d_PF004,S0026|S0027,2,DEBW522AA0002574e,"POLYGON ((513308.92 5403322.67, 513309.7 5403323.94, 513310.27 5403323.59, 513309.48 5403322.32, 513308.92 5403322.67))",0.9923000000979985,1.0510702854192335,19.250647474912945
DEBW522AA0002574d,08111000_0_002_30740_000,DEBW522AA0002574d_PF005,S0028,1,DEBW522AA0002574e,"POLYGON ((513308.32 5403323.04, 513309.11 5403324.31, 513309.7 5403323.94, 513308.92 5403322.67, 513308.32 5403323.04))",1.04609999973604,1.052759323280965,6.447885795267925
DEBW522AA0002574d,08111000_0_002_30740_000,DEBW522AA0002574d_PF006,S0029|S0030,2,DEBW522AA0002574e,"POLYGON ((513303.3 5403326.15, 513304.08 5403327.42, 513304.61 5403327.09, 513303.82 5403325.82, 513303.3 5403326.15))",0.925799999817554,1.0451158632359985,27.645572452864656
DEBW522AA0002574d,08111000_0_002_30740_000,DEBW522AA0002574d_PF007,S0031,1,DEBW522AA0002574e,"POLYGON ((513302.72 5403326.5, 513303.51 5403327.77, 513304.08 5403327.42, 513303.3 5403326.15, 513302.72 5403326.5))",1.0049999994767131,1.0352152572160807,13.877060315457344
DEBW522AA0002574d,08111000_0_002_30740_000,DEBW522AA0002574d_PF008,S0032|S0033,2,DEBW522AA0002574e,"POLYGON ((513304.27 5403325.55, 513305.05 5403326.82, 513305.39 5403326.61, 513304.6 5403325.34, 513304.27 5403325.55))",0.5903000001233769,1.0376280874158503,55.326889420882196
DEBW522AA0002574d,08111000_0_002_30740_000,DEBW522AA0002574d_PF009,S0034|S0035,2,DEBW522AA0002574e,"POLYGON ((513303.82 5403325.82, 513304.61 5403327.09, 513305.05 5403326.82, 513304.27 5403325.55, 513303.82 5403325.82))",0.7771000000248663,1.0389309566229654,41.58426392050987
DEBW522AA0002574d,08111000_0_002_30740_000,DEBW522AA0002574d_PF010,S0036|S0040,2,DEBW522AA0002574e,"POLYGON ((513310.93 5403321.43, 513311.71 5403322.7, 513311.82 5403322.63, 513311.04 5403321.36, 513310.93 5403321.43))",0.1942999998555053,1.7448591012799703,83.6065285950823
DEBW522AA0002574d,08111000_0_002_30740_000,DEBW522AA0002574d_PF011,S0037|S0045,2,DEBW522AA0002574e,"POLYGON ((513310.73 5403321.55, 513311.52 5403322.82, 513311.71 5403322.7, 513310.93 5403321.43, 513310.73 5403321.55))",0.34185000019494916,1.0324809285157597,70.66470622867912
DEBW522AA0002574d,08111000_0_002_30740_000,DEBW522AA0002574d_PF012,S0038|S0039,2,DEBW522AA0002574e,"POLYGON ((513305.72 5403324.65, 513305.61 5403324.72, 513306.39 5403325.99, 513306.5 5403325.92, 513305.72 5403324.65))",0.19429999985550528,1.7448663624507394,83.60655531216398
DEBW522AA0002574d,08111000_0_002_30740_000,DEBW522AA0002574d_PF013,S0041|S0042,2,DEBW522AA0002574e,"POLYGON ((513309.99 5403322.01, 513310.77 5403323.28, 513311.2 5403323.02, 513310.41 5403321.75, 513309.99 5403322.01))",0.7438500001916895,1.050704717406543,44.93135685682248
DEBW522AA0002574d,08111000_0_002_30740_000,DEBW522AA0002574d_PF014,S0043|S0044,2,DEBW522AA0002574e,"POLYGON ((513309.48 5403322.32, 513310.27 5403323.59, 513310.77 5403323.28, 513309.99 5403322.01, 513309.48 5403322.32))",0.8847000000692904,1.0458939622648113,32.233737066599915
DEBW522AA0002574d,08111000_0_002_30740_000,DEBW522AA0002574d_PF015,S0046|S0047,2,DEBW522AA0002574e,"POLYGON ((513310.41 5403321.75, 513311.2 5403323.02, 513311.52 5403322.82, 513310.73 5403321.55, 513310.41 5403321.75))",0.5643999998015584,1.062028795576051,57.89749034845831
DEBW522AA0002574d,08111000_0_002_30740_000,DEBW522AA0002574d_PF016,S0048|S0049,2,DEBW522AA0002574e,"POLYGON ((513297.62 5403329.66, 513298.4 5403330.93, 513298.93 5403330.61, 513298.14 5403329.34, 513297.62 5403329.66))",0.9179499998719083,1.0360649866417866,27.625592815771622
DEBW522AA0002574d,08111000_0_002_30740_000,DEBW522AA0002574d_PF017,S0050|S0051,2,DEBW522AA0002574e,"POLYGON ((513298.14 5403329.34, 513298.93 5403330.61, 513299.37 5403330.33, 513298.59 5403329.06, 513298.14 5403329.34))",0.7849500004219123,1.0494277806541805,41.584380590001004
DEBW522AA0002574d,08111000_0_002_30740_000,DEBW522AA0002574d_PF018,S0052|S0053,2,DEBW522AA0002574e,"POLYGON ((513298.59 5403329.06, 513299.37 5403330.33, 513299.71 5403330.13, 513298.92 5403328.85, 513298.59 5403329.06))",0.5880500001736102,1.034603093072868,55.36251027030682
DEBW522AA0002574d,08111000_0_002_30740_000,DEBW522AA0002574d_PF019,S0054,1,DEBW522AA0002574e,"POLYGON ((513298.92 5403328.85, 513299.71 5403330.13, 513299.92 5403330, 513299.13 5403328.72, 513298.92 5403328.85))",0.371499999957101,1.0477317570289473,69.2325706764309
DEBW522AA0002574d,08111000_0_002_30740_000,DEBW522AA0002574d_PF020,S0055,1,DEBW522AA0002574e,"POLYGON ((513295.35 5403331.06, 513296.14 5403332.33, 513296.66 5403332.01, 513295.88 5403330.74, 513295.35 5403331.06))",0.9179499998719083,1.0372568139917906,27.75112194821917
DEBW522AA0002574d,08111000_0_002_30740_000,DEBW522AA0002574d_PF021,S0056,1,DEBW522AA0002574e,"POLYGON ((513295.88 5403330.74, 513296.66 5403332.01, 513297.24 5403331.65, 513296.45 5403330.38, 513295.88 5403330.74))",1.0128499999139224,1.0429431872077002,13.797208638883943
DEBW522AA0002574d,08111000_0_002_30740_000,DEBW522AA0002574d_PF022,S0057,1,DEBW522AA0002574e,"POLYGON ((513296.45 5403330.38, 513297.24 5403331.65, 513297.83 5403331.29, 513297.04 5403330.02, 513296.45 5403330.38))",1.0337000005490962,1.0337010684776895,0.08235904316614498
DEBW522AA0002574d,08111000_0_002_30740_000,DEBW522AA0002574d_PF023,S0058|S0059,2,DEBW522AA0002574e,"POLYGON ((513297.04 5403330.02, 513297.83 5403331.29, 513298.4 5403330.93, 513297.62 5403329.66, 513297.04 5403330.02))",1.0128499999348775,1.0433016061104556,13.877135605706188
DEBW522AA0002574d,08111000_0_002_30740_000,DEBW522AA0002574d_PF024,S0060|S0061,2,DEBW522AA0002574e,"POLYGON ((513300.59 5403327.82, 513301.38 5403329.09, 513301.82 5403328.82, 513301.03 5403327.55, 513300.59 5403327.82))",0.7721000000202097,1.0317888021903037,41.55562622595898
DEBW522AA0002574d,08111000_0_002_30740_000,DEBW522AA0002574d_PF025,S0062,1,DEBW522AA0002574e,"POLYGON ((513301.03 5403327.55, 513301.82 5403328.82, 513302.34 5403328.5, 513301.56 5403327.23, 513301.03 5403327.55))",0.9179499998719083,1.0369460796238676,27.71847210745994
DEBW522AA0002574d,08111000_0_002_30740_000,DEBW522AA0002574d_PF026,S0063|S0064,2,DEBW522AA0002574e,"POLYGON ((513301.56 5403327.23, 513302.34 5403328.5, 513302.92 5403328.14, 513302.13 5403326.87, 513301.56 5403327.23))",1.012849999985227,1.0433481020187307,13.887467064714565
DEBW522AA0002574d,08111000_0_002_30740_000,DEBW522AA0002574d_PF027,S0065,1,DEBW522AA0002574e,"POLYGON ((513302.13 5403326.87, 513302.92 5403328.14, 513303.51 5403327.77, 513302.72 5403326.5, 513302.13 5403326.87))",1.0415999998231187,1.0415999998231187,0.0
DEBW522AA0002574d,08111000_0_002_30740_000,DEBW522AA0002574d_PF028,S0066|S0067,2,DEBW522AA0002574e,"POLYGON ((513299.25 5403328.65, 513299.13 5403328.72, 513299.92 5403330, 513300.03 5403329.92, 513299.25 5403328.65))",0.2054999997954583,1.6934551559782545,83.03000538940745
DEBW522AA0002574d,08111000_0_002_30740_000,DEBW522AA0002574d_PF029,S0068|S0069,2,DEBW522AA0002574e,"POLYGON ((513300.04 5403328.16, 513299.93 5403328.23, 513300.71 5403329.5, 513300.83 5403329.43, 513300.04 5403328.16))",0.2010000001729932,1.669678021547564,83.08582224572893
DEBW522AA0002574d,08111000_0_002_30740_000,DEBW522AA0002574d_PF030,S0070,1,DEBW522AA0002574e,"POLYGON ((513300.04 5403328.16, 513300.83 5403329.43, 513301.04 5403329.3, 513300.25 5403328.03, 513300.04 5403328.16))",0.3693999998085433,1.0432078733510475,69.26169906006528
DEBW522AA0002574d,08111000_0_002_30740_000,DEBW522AA0002574d_PF031,S0071|S0072,2,DEBW522AA0002574e,"POLYGON ((513300.25 5403328.03, 513301.04 5403329.3, 513301.38 5403329.09, 513300.59 5403327.82, 513300.25 5403328.03))",0.5976999998467043,1.051581105349847,55.362510309510405
DEBW522AA0002574d,08111000_0_002_30740_000,DEBW522AA0002574d_PF032,S0073|S0074,2,DEBW522AA0002574e,"POLYGON ((513291.94 5403333.18, 513292.72 5403334.44, 513293.25 5403334.12, 513292.46 5403332.85, 513291.94 5403333.18))",0.9192500004802714,1.0384156032426155,27.71857720260334
DEBW522AA0002574d,08111000_0_002_30740_000,DEBW522AA0002574d_PF033,S0075,1,DEBW522AA0002574e,"POLYGON ((513291.37 5403333.53, 513292.15 5403334.8, 513292.72 5403334.44, 513291.94 5403333.18, 513291.37 5403333.53))",0.9979500000313971,1.0276602324543844,13.810766345724714
DEBW522AA0002574d,08111000_0_002_30740_000,DEBW522AA0002574d_PF034,S0076,1,DEBW522AA0002574e,"POLYGON ((513290.77 5403333.9, 513291.56 5403335.17, 513292.15 5403334.8, 513291.37 5403333.53, 513290.77 5403333.9))",1.0460999998245155,1.0460999998245155,0.0
DEBW522AA0002574d,08111000_0_002_30740_000,DEBW522AA0002574d_PF035,S0077|S0078,2,DEBW522AA0002574e,"POLYGON ((513290.2 5403334.25, 513290.98 5403335.52, 513291.56 5403335.17, 513290.77 5403333.9, 513290.2 5403334.25))",1.0049999994563403,1.035215706665506,13.8771610100736
DEBW522AA0002574d,08111000_0_002_30740_000,DEBW522AA0002574d_PF036,S0079|S0080,2,DEBW522AA0002574e,"POLYGON ((513289.67 5403334.58, 513290.46 5403335.85, 513290.98 5403335.52, 513290.2 5403334.25, 513289.67 5403334.58))",0.925799999817554,1.045428475581775,27.678263740275778
DEBW522AA0002574d,08111000_0_002_30740_000,DEBW522AA0002574d_PF037,S0081,1,DEBW522AA0002574e,"POLYGON ((513289.23 5403334.85, 513290.02 5403336.12, 513290.46 5403335.85, 513289.67 5403334.58, 513289.23 5403334.85))",0.7721000000359257,1.0322505161001876,41.584528298786914
DEBW522AA0002574d,08111000_0_002_30740_000,DEBW522AA0002574d_PF038,S0082|S0083,2,DEBW522AA0002574e,"POLYGON ((513288.9 5403335.06, 513289.68 5403336.33, 513290.02 5403336.12, 513289.23 5403334.85, 513288.9 5403335.06))",0.5903000001233769,1.0385664804761356,55.36269258295445
DEBW522AA0002574d,08111000_0_002_30740_000,DEBW522AA0002574d_PF039,S0084|S0085,2,DEBW522AA0002574e,"POLYGON ((513288.9 5403335.06, 513288.69 5403335.19, 513289.47 5403336.46, 513289.68 5403336.33, 513288.9 5403335.06))",0.3681000003026333,1.0414803351282147,69.30218175741466
DEBW522AA0002574d,08111000_0_002_30740_000,DEBW522AA0002574d_PF040,S0086|S0087,2,DEBW522AA0002574e,"POLYGON ((513294.91 5403331.34, 513295.7 5403332.61, 513296.14 5403332.33, 513295.35 5403331.06, 513294.91 5403331.34))",0.780000000432483,1.0420613622298687,41.537974776854455
DEBW522AA0002574d,08111000_0_002_30740_000,DEBW522AA0002574d_PF041,S0088|S0089,2,DEBW522AA0002574e,"POLYGON ((513294.57 5403331.54, 513295.36 5403332.82, 513295.7 5403332.61, 513294.91 5403331.34, 513294.57 5403331.54))",0.5954500001827372,1.0491528336460545,55.42022458501283
DEBW522AA0002574d,08111000_0_002_30740_000,DEBW522AA0002574d_PF042,S0090,1,DEBW522AA0002574e,"POLYGON ((513294.36 5403331.67, 513295.15 5403332.95, 513295.36 5403332.82, 513294.57 5403331.54, 513294.36 5403331.67))",0.371499999957101,1.0491411527292587,69.26175597258245
DEBW522AA0002574d,08111000_0_002_30740_000,DEBW522AA0002574d_PF043,S0091|S0092,2,DEBW522AA0002574e,"POLYGON ((513294.36 5403331.67, 513294.25 5403331.75, 513295.04 5403333.02, 513295.15 5403332.95, 513294.36 5403331.67))",0.19949999978893895,1.6572144924750885,83.08580865288712
DEBW522AA0002574d,08111000_0_002_30740_000,DEBW522AA0002574d_PF044,S0093|S0094,2,DEBW522AA0002574e,"POLYGON ((513293.57 5403332.17, 513293.45 5403332.24, 513294.24 5403333.51, 513294.35 5403333.44, 513293.57 5403332.17))",0.20099999985692552,1.6667123227149245,83.07345914034784
DEBW522AA0002574d,08111000_0_002_30740_000,DEBW522AA0002574d_PF045,S0095|S0096,2,DEBW522AA0002574e,"POLYGON ((513293.45 5403332.24, 513293.24 5403332.37, 513294.03 5403333.64, 513294.24 5403333.51, 513293.45 5403332.24))",0.3693999998085434,1.0451612535578358,69.30223927232493
DEBW522AA0002574d,08111000_0_002_30740_000,DEBW522AA0002574d_PF046,S0097|S0098,2,DEBW522AA0002574e,"POLYGON ((513292.91 5403332.58, 513293.69 5403333.85, 513294.03 5403333.64, 513293.24 5403332.37, 513292.91 5403332.58))",0.5902999998544576,1.0376325977316851,55.32706171606392
DEBW522AA0002574d,08111000_0_002_30740_000,DEBW522AA0002574d_PF047,S0099|S0100,2,DEBW522AA0002574e,"POLYGON ((513292.46 5403332.85, 513293.25 5403334.12, 513293.69 5403333.85, 513292.91 5403332.58, 513292.46 5403332.85))",0.7770999999957625,1.0379443592838995,41.52285156860725
DEBW522AA0002574d,08111000_0_002_30740_000,DEBW522AA0002574d_PF048,S0101|S0102,2,DEBW522AA0002574e,"POLYGON ((513284.08 5403338.04, 513284.87 5403339.31, 513285.42 5403338.96, 513284.64 5403337.69, 513284.08 5403338.04))",0.9795999994416256,1.0376502996050185,19.255736302881754
DEBW522AA0002574d,08111000_0_002_30740_000,DEBW522AA0002574d_PF049,S0103,1,DEBW522AA0002574e,"POLYGON ((513284.64 5403337.69, 513285.42 5403338.96, 513286.01 5403338.6, 513285.22 5403337.33, 513284.64 5403337.69))",1.0255499999925843,1.0321395745958577,6.477813409227975
DEBW522AA0002574d,08111000_0_002_30740_000,DEBW522AA0002574d_PF050,S0104,1,DEBW522AA0002574e,"POLYGON ((513283.17 5403338.6, 513283.95 5403339.87, 513284.37 5403339.61, 513283.58 5403338.34, 513283.17 5403338.6))",0.7311500000367757,1.0342418395809796,45.01327165513263
DEBW522AA0002574d,08111000_0_002_30740_000,DEBW522AA0002574d_PF051,S0105,1,DEBW522AA0002574e,"POLYGON ((513283.58 5403338.34, 513284.37 5403339.61, 513284.87 5403339.31, 513284.08 5403338.04, 513283.58 5403338.34))",0.8720000002237502,1.0300360262098145,32.15920842235052
DEBW522AA0002574d,08111000_0_002_30740_000,DEBW522AA0002574d_PF052,S0106,1,DEBW522AA0002574e,"POLYGON ((513282.66 5403338.92, 513283.45 5403340.19, 513283.64 5403340.07, 513282.85 5403338.8, 513282.66 5403338.92))",0.3361000001877314,1.0195277402405423,70.75171187646268
DEBW522AA0002574d,08111000_0_002_30740_000,DEBW522AA0002574d_PF053,S0107,1,DEBW522AA0002574e,"POLYGON ((513282.85 5403338.8, 513283.64 5403340.07, 513283.95 5403339.87, 513283.17 5403338.6, 513282.85 5403338.8))",0.5570500003082445,1.0472708683634377,57.86565166832629
DEBW522AA0002574d,08111000_0_002_30740_000,DEBW522AA0002574d_PF054,S0108,1,DEBW522AA0002574e,"POLYGON ((513284.36 5403304.35, 513287.35 5403302.51, 513281.68 5403293.35, 513290.86 5403287.82, 513290.95 5403287.76, 513289.42 5403285.25, 513260.83 5403302.83, 513260.88 5403302.92, 513262.39 5403305.41, 513270.64 5403300.2, 513276.29 5403309.34, 513279.41 5403307.41, 513292.4 5403328.73, 513297.49 5403325.57, 513284.36 5403304.35))",384.6604000069659,384.66040000696586,0.0
DEBW522AA0002574d,08111000_0_002_30740_000,DEBW522AA0002574d_PF055,S0110|S0111,2,DEBW522AA0002574e,"POLYGON ((513282.66 5403338.92, 513282.55 5403338.98, 513283.34 5403340.25, 513283.42 5403340.2, 513282.66 5403338.92))",0.16375000008672935,1.4695538962824837,83.60233842413862
DEBW522AA0002574d,08111000_0_002_30740_000,DEBW522AA0002574d_PF056,S0112,1,DEBW522AA0002574e,"POLYGON ((513287.78 5403335.75, 513288.57 5403337.02, 513288.67 5403336.95, 513287.89 5403335.68, 513287.78 5403335.75))",0.1882999998449115,1.6788097363444343,83.5599934487153
DEBW522AA0002574d,08111000_0_002_30740_000,DEBW522AA0002574d_PF057,S0113|S0114,2,DEBW522AA0002574e,"POLYGON ((513288.69 5403335.19, 513288.57 5403335.26, 513289.36 5403336.53, 513289.47 5403336.46, 513288.69 5403335.19))",0.20099999985692552,1.6593359467957502,83.04251614759484
DEBW522AA0002574d,08111000_0_002_30740_000,DEBW522AA0002574d_PF058,S0115,1,DEBW522AA0002574e,"POLYGON ((513287.27 5403336.06, 513288.06 5403337.33, 513288.37 5403337.14, 513287.59 5403335.87, 513287.27 5403336.06))",0.5491999999600928,1.0312472382727782,57.82148011191517
DEBW522AA0002574d,08111000_0_002_30740_000,DEBW522AA0002574d_PF059,S0116,1,DEBW522AA0002574e,"POLYGON ((513287.59 5403335.87, 513288.37 5403337.14, 513288.57 5403337.02, 513287.78 5403335.75, 513287.59 5403335.87))",0.34185000000635635,1.036981483984212,70.75193683629556
DEBW522AA0002574d,08111000_0_002_30740_000,DEBW522AA0002574d_PF060,S0117,1,DEBW522AA0002574e,"POLYGON ((513286.36 5403336.63, 513287.15 5403337.9, 513287.64 5403337.59, 513286.86 5403336.32, 513286.36 5403336.63))",0.8720000000572763,1.0300359453384775,32.15920128500703
DEBW522AA0002574d,08111000_0_002_30740_000,DEBW522AA0002574d_PF061,S0118,1,DEBW522AA0002574e,"POLYGON ((513286.86 5403336.32, 513287.64 5403337.59, 513288.06 5403337.33, 513287.27 5403336.06, 513286.86 5403336.32))",0.7311500002090703,1.0342409390752452,45.013221777721064
DEBW522AA0002574d,08111000_0_002_30740_000,DEBW522AA0002574d_PF062,S0119,1,DEBW522AA0002574e,"POLYGON ((513285.22 5403337.33, 513286.01 5403338.6, 513286.59 5403338.24, 513285.8 5403336.97, 513285.22 5403337.33))",1.0209999999419088,1.02756033086244,6.477809437643486
DEBW522AA0002574d,08111000_0_002_30740_000,DEBW522AA0002574d_PF063,S0120|S0121,2,DEBW522AA0002574e,"POLYGON ((513285.8 5403336.97, 513286.59 5403338.24, 513287.15 5403337.9, 513286.36 5403336.63, 513285.8 5403336.97))",0.979800000163191,1.037805813957419,19.246830498285924
DEBW522AA0002574d,08111000_0_002_30740_000,DEBW522AA0002574d_PF064,S0122|S0123|S0138|S0139,4,DEBW522AA0002574e,"POLYGON ((513300.76 5403310.96, 513287.43 5403289.03, 513287.17 5403289.48, 513279.58 5403302.54, 513285.16 5403311.72, 513300.25 5403310.98, 513300.76 5403310.96))",249.79604999753073,256.6859661143673,13.30515041575216
DEBW522AA0002574d,08111000_0_002_30740_000,DEBW522AA0002574d_PF065,S0124|S0144,2,DEBW522AA0002574e,"POLYGON ((513300.8 5403329.45, 513305.63 5403326.46, 513306.48 5403325.94, 513311.74 5403322.68, 513349.92 5403299.07, 513345.24 5403291.39, 513351.19 5403287.71, 513340.33 5403269.86, 513334.32 5403273.51, 513340.93 5403284.96, 513339.02 5403286.19, 513345.46 5403297.22, 513309.67 5403319.36, 513281.36 5403336.87, 513237.2 5403364.19, 513239.24 5403367.53, 513283.42 5403340.2, 513299.28 5403330.39, 513300.69 5403329.52, 513300.8 5403329.45))",693.2893499861202,693.2893499861199,0.0
DEBW522AA0002574d,08111000_0_002_30740_000,DEBW522AA0002574d_PF066,S0125,1,DEBW522AA0002574e,"POLYGON ((513267.41 5403319.01, 513269.17 5403317.96, 513271.22 5403321.31, 513274.3 5403319.42, 513264.49 5403303.28, 513287.17 5403289.47, 513300.25 5403310.99, 513303.89 5403308.66, 513296.4 5403296.51, 513292.6 5403290.46, 513290.95 5403287.76, 513289.71 5403285.77, 513289.42 5403285.25, 513289.09 5403285.47, 513288.84 5403285.63, 513262.41 5403301.88, 513260.83 5403302.83, 513260.15 5403303.25, 513260.31 5403303.51, 513267.46 5403315.16, 513265.68 5403316.21, 513267.41 5403319.01))",262.2428000020183,262.2428000020182,0.0
DEBW522AA0002574d,08111000_0_002_30740_000,DEBW522AA0002574d_PF067,S0126,1,DEBW522AA0002574e,"POLYGON ((513305.09 5403291.29, 513317.82 5403283.58, 513317.9 5403283.53, 513314.21 5403277.35, 513295.76 5403288.54, 513295.66 5403288.6, 513292.6 5403290.46, 513296.4 5403296.51, 513305.09 5403291.29))",180.98830000363014,180.98830000363017,0.0
DEBW522AA0002574d,08111000_0_002_30740_000,DEBW522AA0002574d_PF068,S0127,1,DEBW522AA0002574e,"POLYGON ((513306.23 5403324.33, 513307.02 5403325.6, 513307.44 5403325.34, 513306.66 5403324.07, 513306.23 5403324.33))",0.7438499996282393,1.0526602742686357,45.037952907580795
DEBW522AA0002574d,08111000_0_002_30740_000,DEBW522AA0002574d_PF069,S0128|S0129,2,DEBW522AA0002574e,"POLYGON ((513306.66 5403324.07, 513307.44 5403325.34, 513307.95 5403325.03, 513307.16 5403323.76, 513306.66 5403324.07))",0.8847000000692905,1.045207740917359,32.17403085740569
DEBW522AA0002574d,08111000_0_002_30740_000,DEBW522AA0002574d_PF070,S0130|S0131,2,DEBW522AA0002574e,"POLYGON ((513305.92 5403324.53, 513305.72 5403324.65, 513306.5 5403325.92, 513306.7 5403325.8, 513305.92 5403324.53))",0.34760000001590236,1.0519653198790184,70.70517516152641
DEBW522AA0002574d,08111000_0_002_30740_000,DEBW522AA0002574d_PF071,S0132|S0133,2,DEBW522AA0002574e,"POLYGON ((513305.92 5403324.53, 513306.7 5403325.8, 513307.02 5403325.6, 513306.23 5403324.33, 513305.92 5403324.53))",0.5570500000148778,1.049258952296559,57.933817275693436
DEBW522AA0002574d,08111000_0_002_30740_000,DEBW522AA0002574d_PF072,S0134,1,DEBW522AA0002574e,"POLYGON ((513310.95 5403321.42, 513309.7 5403319.41, 513309.39 5403318.91, 513309.08 5403318.41, 513297.49 5403325.57, 513292.4 5403328.73, 513280.77 5403335.92, 513282.64 5403338.93, 513283.16 5403338.61, 513283.99 5403338.09, 513288.67 5403335.2, 513288.75 5403335.15, 513288.93 5403335.04, 513289.22 5403334.86, 513290.03 5403334.36, 513290.42 5403334.11, 513298.23 5403329.29, 513298.9 5403328.87, 513299.08 5403328.76, 513299.17 5403328.7, 513300.02 5403328.18, 513300.11 5403328.12, 513300.29 5403328.01, 513300.96 5403327.6, 513301.78 5403327.09, 513303.47 5403326.04, 513304.29 5403325.54, 513304.58 5403325.36, 513304.76 5403325.25, 513305.95 5403324.51, 513310.02 5403321.99, 513310.7 5403321.57, 513310.87 5403321.46, 513310.95 5403321.42))",117.92664999435722,117.92664999435719,0.0
DEBW522AA0002574d,08111000_0_002_30740_000,DEBW522AA0002574d_PF073,S0135,1,DEBW522AA0002574e,"POLYGON ((513340.86 5403284.85, 513334.25 5403273.4, 513327.5 5403277.66, 513334.54 5403289.06, 513303.98 5403308.61, 513300.25 5403310.99, 513277.57 5403324.78, 513274.3 5403319.42, 513271.22 5403321.31, 513265.29 5403324.94, 513265.98 5403326.06, 513268.18 5403329.64, 513230.39 5403353.01, 513237.2 5403364.19, 513345.46 5403297.22, 513338.95 5403286.08, 513340.86 5403284.85))",1774.2840000127571,1774.2840000127571,0.0
DEBW522AA0002574d,08111000_0_002_30740_000,DEBW522AA0002574d_PF074,S0136,1,DEBW522AA0002574e,"POLYGON ((513307.16 5403323.76, 513307.95 5403325.03, 513308.51 5403324.68, 513307.73 5403323.41, 513307.16 5403323.76))",0.9923000000979985,1.0511609589775142,19.26479469550824
DEBW522AA0002574d,08111000_0_002_30740_000,DEBW522AA0002574d_PF075,S0137,1,DEBW522AA0002574e,"POLYGON ((513307.73 5403323.41, 513308.51 5403324.68, 513309.11 5403324.31, 513308.32 5403323.04, 513307.73 5403323.41))",1.0460999998245155,1.0527704962033537,6.4532640133233885
DEBW522AA0002574d,08111000_0_002_30740_000,DEBW522AA0002574d_PF076,S0141,1,DEBW522AA0002574e,"POLYGON ((513287.44 5403289.02, 513263.96 5403303.31, 513279.58 5403302.54, 513287.44 5403289.02))",102.56510000551302,111.87384120568868,23.538415977139838
DEBW522AA0002574d,08111000_0_002_30740_000,DEBW522AA0002574d_PF077,S0142,1,DEBW522AA0002574e,"POLYGON ((513300.78 5403310.96, 513285.17 5403311.73, 513277.3 5403325.24, 513300.78 5403310.96))",102.4155999966504,111.71425258431671,23.542512814751127
DEBW522AA0002574d,08111000_0_002_30740_000,DEBW522AA0002574d_PF078,S0143,1,DEBW522AA0002574e,"POLYGON ((513317.9 5403283.53, 513296.4 5403296.51, 513303.97 5403308.61, 513334.54 5403289.06, 513327.5 5403277.66, 513317.9 5403283.53))",501.7687499968949,501.76874999689494,0.0
DEBW522AA0002574d,08111000_0_002_30740_000,DEBW522AA0002574d_PF079,S0145|S0146|S0147|S0148,4,DEBW522AA0002574e,"POLYGON ((513285.16 5403311.72, 513279.58 5403302.54, 513264.49 5403303.28, 513263.98 5403303.31, 513277.31 5403325.22, 513277.57 5403324.78, 513285.16 5403311.72))",249.79219999400783,256.6828645562022,13.305957076637402
DEBW522AA0000e41a,08111000_0_024_31900_000,DEBW522AA0000e41a_PF001,S0153,1,DEBW522AA0000e41b,"POLYGON ((513078.41 5403338.16, 513079.09 5403339.29, 513096.26 5403328.9, 513095.57 5403327.76, 513078.41 5403338.16))",26.60285000445674,26.602850004456744,0.0
DEBW522AA0000e41a,08111000_0_024_31900_000,DEBW522AA0000e41a_PF002,S0154,1,DEBW522AA0000e41b,"POLYGON ((513087.09 5403351.96, 513089.8 5403350.33, 513089.08 5403349.14, 513086.14 5403350.92, 513086.85 5403352.1, 513087.09 5403351.96))",4.764850000531738,4.76485000053174,0.0
DEBW522AA0000e41a,08111000_0_024_31900_000,DEBW522AA0000e41a_PF003,S0155,1,DEBW522AA0000e41b,"POLYGON ((513103.85 5403341.87, 513104.05 5403341.75, 513103.3 5403340.53, 513094.99 5403345.56, 513095.72 5403346.77, 513103.85 5403341.87))",13.82509999879034,13.82509999879034,0.0
DEBW522AA0000e41a,08111000_0_024_31900_000,DEBW522AA0000e41a_PF004,S0156|S0157,2,DEBW522AA0000e41b,"POLYGON ((513099.78 5403334.71, 513098.76 5403333.03, 513096.95 5403330.05, 513079.79 5403340.44, 513084.66 5403348.49, 513085.49 5403349.85, 513088.43 5403348.07, 513085.4 5403343.06, 513088.35 5403341.27, 513088.09 5403340.85, 513091.04 5403339.06, 513092.88 5403342.09, 513094.33 5403344.49, 513102.65 5403339.45, 513099.78 5403334.71))",178.57479999873416,178.57479999873422,0.0
DEBW522AA0000e41a,08111000_0_024_31900_000,DEBW522AA0000e41a_PF005,S0158,1,DEBW522AA0000e41b,"POLYGON ((513096.95 5403330.05, 513096.26 5403328.9, 513079.09 5403339.29, 513079.79 5403340.44, 513096.95 5403330.05))",26.960799998271554,26.96079999827156,0.0
DEBW522AA0000e41a,08111000_0_024_31900_000,DEBW522AA0000e41a_PF006,S0159,1,DEBW522AA0000e41b,"POLYGON ((513089.08 5403349.14, 513088.43 5403348.07, 513085.49 5403349.85, 513086.14 5403350.92, 513089.08 5403349.14))",4.3027999994179,4.3027999994179,0.0
DEBW522AA0000e41a,08111000_0_024_31900_000,DEBW522AA0000e41a_PF007,S0160,1,DEBW522AA0000e41b,"POLYGON ((513094.33 5403344.49, 513094.99 5403345.56, 513103.3 5403340.53, 513102.65 5403339.45, 513094.33 5403344.49))",12.23654999731951,12.236549997319514,0.0
DEBW522AA0000e41a,08111000_0_024_31900_000,DEBW522AA0000e41a_PF008,S0161,1,DEBW522AA0000e41b,"POLYGON ((513095.72 5403346.77, 513094.88 5403345.39, 513088.97 5403348.97, 513089.8 5403350.33, 513095.72 5403346.77))",11.084500000891975,11.084500000891975,0.0
DEBW522AA0000e41a,08111000_0_024_31900_000,DEBW522AA0000e41a_PF009,S0162,1,DEBW522AA0000e41b,"POLYGON ((513088.35 5403341.27, 513085.4 5403343.06, 513088.97 5403348.97, 513094.88 5403345.39, 513092.88 5403342.09, 513093.14 5403341.93, 513091.3 5403338.9, 513088.09 5403340.85, 513088.35 5403341.27))",50.476449998534996,50.476449998534996,0.0
DEBW522AA0003f70d,08111000_0_019_31900_000,DEBW522AA0003f70d_PF001,S0163,1,DEBW522AA0003f710,"POLYGON ((513085.12 5403296.78, 513084.57 5403295.86, 513081.7 5403291.06, 513072.2 5403296.69, 513075.52 5403302.28, 513072.64 5403303.96, 513072.68 5403304.03, 513072.86 5403304.33, 513085.12 5403296.78))",76.00240000262497,76.002400002625,0.0
DEBW522AA0003f70d,08111000_0_019_31900_000,DEBW522AA0003f70d_PF002,S0164,1,DEBW522AA0003f70f,"POLYGON ((513092.32 5403308.83, 513080.05 5403316.3, 513080.69 5403317.44, 513092.96 5403309.95, 513092.79 5403309.61, 513092.32 5403308.83))",18.665900004377725,18.66590000437773,0.0
DEBW522AA0003f70d,08111000_0_019_31900_000,DEBW522AA0003f70d_PF003,S0165,1,DEBW522AA0003f70e,"POLYGON ((513080.05 5403316.3, 513092.32 5403308.83, 513085.12 5403296.78, 513072.86 5403304.33, 513079.53 5403315.45, 513080.05 5403316.3))",201.39354999690414,201.39354999690414,0.0
DEBW522AA00007bc6,08111000_0_015_31900_000,DEBW522AA00007bc6_PF001,S0166,1,DEBW522AA00007bc8,"POLYGON ((513109.47 5403286.62, 513115.26 5403296.16, 513115.35 5403296.29, 513125.77 5403290.02, 513125.37 5403289.27, 513132.71 5403284.8, 513110.14 5403247.64, 513105.04 5403250.81, 513106.08 5403252.52, 513109.5 5403250.44, 513125.57 5403276.9, 513126.85 5403276.12, 513129.71 5403280.81, 513128.86 5403281.33, 513130.16 5403283.47, 513118.43 5403290.61, 513114.28 5403283.77, 513109.47 5403286.62))",186.7471000114844,186.74710001148443,0.0
DEBW522AA00007bc6,08111000_0_015_31900_000,DEBW522AA00007bc6_PF002,S0167,1,DEBW522AA00007bc8,"POLYGON ((513114.28 5403283.77, 513118.43 5403290.61, 513124.09 5403287.16, 513119.94 5403280.32, 513114.28 5403283.77))",53.03190000063655,53.03190000063655,0.0
DEBW522AA00007bc6,08111000_0_015_31900_000,DEBW522AA00007bc6_PF003,S0168,1,DEBW522AA00007bc8,"POLYGON ((513129.71 5403280.81, 513126.85 5403276.12, 513125.57 5403276.9, 513109.5 5403250.44, 513106.08 5403252.52, 513105.04 5403250.81, 513097.22 5403255.68, 513114.28 5403283.77, 513119.94 5403280.32, 513124.09 5403287.16, 513130.16 5403283.47, 513128.86 5403281.33, 513129.71 5403280.81))",489.3670499910046,489.36704999100476,0.0
DEBW522AA00007bc6,08111000_0_015_31900_000,DEBW522AA00007bc6_PF004,S0169,1,DEBW522AA00007bc7,"POLYGON ((513089.78 5403271.73, 513089.94 5403272, 513097.44 5403267.48, 513106.53 5403282.74, 513106.96 5403282.49, 513109.47 5403286.62, 513114.28 5403283.77, 513097.22 5403255.68, 513096.08 5403256.39, 513068.58 5403268.96, 513075.11 5403280.19, 513079.42 5403277.7, 513089.78 5403271.73))",499.16795002166947,499.16795002166947,0.0
DEBW522AA0003e900,08111000_0_023_31900_001,DEBW522AA0003e900_PF001,S0170|S0171,2,DEBW522AA0003e901|DEBW522AA0003e902,"POLYGON ((512970.75 5403322.43, 512968.69 5403323.81, 512969.67 5403333.59, 512980.73 5403347.05, 512997.57 5403355.37, 513002.1 5403352.47, 513001.9 5403349.58, 513005.11 5403347.51, 513004.09 5403345.48, 512999.6 5403343.26, 512992.92 5403339.97, 512980.48 5403333.82, 512981.96 5403330.83, 512982.54 5403313.17, 512981.32 5403312.49, 512970.59 5403319.8, 512970.75 5403322.43))",570.1791999981558,570.1791999981559,0.0
DEBW522AA00027856,08111000_0_007_15860_000,DEBW522AA00027856_PF001,S0172,1,DEBW522AA00027857,"POLYGON ((513095.07 5403366.96, 513095.45 5403366.72, 513095.3 5403366.47, 513094.87 5403366.73, 513082.56 5403374.16, 513102.26 5403401.01, 513110.7 5403394.65, 513114.03 5403392.14, 513112.26 5403389.79, 513111.97 5403390.01, 513095.07 5403366.96))",468.23349999858215,468.23349999858215,0.0
DEBW522AA00043ffc,08111000_0_002_02930_000,DEBW522AA00043ffc_PF001,S0173,1,DEBW522AA00044001,"POLYGON ((513274.85 5403482.72, 513419.39 5403395.6, 513414.08 5403386.79, 513407.37 5403390.83, 513407.53 5403391.09, 513386.55 5403403.73, 513386.4 5403403.47, 513269.54 5403473.91, 513274.85 5403482.72))",1728.9168999575463,1828.587323416706,19.004463341317496
DEBW522AA00043ffc,08111000_0_002_02930_000,DEBW522AA00043ffc_PF002,S0174,1,DEBW522AA00044001,"POLYGON ((513274.85 5403482.72, 513280.16 5403491.54, 513424.7 5403404.42, 513419.39 5403395.6, 513274.85 5403482.72))",1737.4500000437947,1837.6231917273371,19.005444922462072
DEBW522AA00043ffc,08111000_0_002_02930_000,DEBW522AA00043ffc_PF003,S0175,1,DEBW522AA00043fff,"POLYGON ((513425.71 5403391.81, 513425.57 5403391.83, 513425.37 5403392.02, 513425.82 5403391.98, 513425.71 5403391.81))",0.05175000006059417,0.8343575867639942,86.44401751905258
DEBW522AA00043ffc,08111000_0_002_02930_000,DEBW522AA00043ffc_PF004,S0176,1,DEBW522AA00043fff,"POLYGON ((513425.91 5403391.34, 513427.75 5403390.3, 513427.66 5403390.29, 513425.46 5403391.38, 513425.91 5403391.34))",0.2572499997105333,0.8177816807291676,71.66511222022078
DEBW522AA00043ffc,08111000_0_002_02930_000,DEBW522AA00043ffc_PF005,S0177,1,DEBW522AA00043fff,"POLYGON ((513426.06 5403391.6, 513425.8 5403391.69, 513425.71 5403391.81, 513425.82 5403391.98, 513426.06 5403391.6))",0.05285000000472646,0.8520785744277487,86.44395839703326
DEBW522AA00043ffc,08111000_0_002_02930_000,DEBW522AA00043ffc_PF006,S0178,1,DEBW522AA00043fff,"POLYGON ((513425.7 5403391.54, 513425.8 5403391.69, 513426.06 5403391.6, 513425.91 5403391.34, 513425.7 5403391.54))",0.06630000007518103,0.6488548601449317,84.13528062213219
DEBW522AA00043ffc,08111000_0_002_02930_000,DEBW522AA00043ffc_PF007,S0179,1,DEBW522AA00043fff,"POLYGON ((513425.21 5403391.76, 513425.48 5403391.67, 513425.56 5403391.55, 513425.46 5403391.38, 513425.21 5403391.76))",0.05284999999861466,0.8520770820627466,86.44395216122915
DEBW522AA00043ffc,08111000_0_002_02930_000,DEBW522AA00043ffc_PF008,S0180,1,DEBW522AA00043fff,"POLYGON ((513425.21 5403391.76, 513425.37 5403392.02, 513425.57 5403391.83, 513425.48 5403391.67, 513425.21 5403391.76))",0.0668499999464024,0.6661165881078636,84.24022504322576
DEBW522AA00043ffc,08111000_0_002_02930_000,DEBW522AA00043ffc_PF009,S0181,1,DEBW522AA00043fff,"POLYGON ((513425.37 5403392.02, 513423.52 5403393.06, 513423.6 5403393.08, 513425.82 5403391.98, 513425.37 5403392.02))",0.2632000013418264,0.8355037478280786,71.6380069493665
DEBW522AA00043ffc,08111000_0_002_02930_000,DEBW522AA00043ffc_PF010,S0182,1,DEBW522AA00043fff,"POLYGON ((513425.56 5403391.55, 513425.7 5403391.54, 513425.91 5403391.34, 513425.46 5403391.38, 513425.56 5403391.55))",0.05320000001876615,0.8577367043049021,86.44402159942854
DEBW522AA00043ffc,08111000_0_002_02930_000,DEBW522AA00043ffc_PF011,S0183,1,DEBW522AA00043fff,"POLYGON ((513423.43 5403392.91, 513423.52 5403393.06, 513425.37 5403392.02, 513425.21 5403391.76, 513423.43 5403392.91))",0.5089499993161414,0.6527405889018486,38.76573988832199
DEBW522AA00043ffc,08111000_0_002_02930_000,DEBW522AA00043ffc_PF012,S0185,1,DEBW522AA00043fff,"POLYGON ((513427.81 5403390.54, 513427.84 5403390.46, 513426.06 5403391.6, 513425.82 5403391.98, 513427.81 5403390.54))",0.2594000008277595,0.8246026994316239,71.66479674799453
DEBW522AA00043ffc,08111000_0_002_02930_000,DEBW522AA00043ffc_PF013,S0186,1,DEBW522AA00043fff,"POLYGON ((513425.91 5403391.34, 513426.06 5403391.6, 513427.84 5403390.46, 513427.75 5403390.3, 513425.91 5403391.34))",0.5108999999469611,0.6554501762640459,38.78844844572513
DEBW522AA00043ffc,08111000_0_002_02930_000,DEBW522AA00043ffc_PF014,S0187,1,DEBW522AA00043fff,"POLYGON ((513424.06 5403392.86, 513423.86 5403392.52, 513423.43 5403392.78, 513423.46 5403392.83, 513423.55 5403392.83, 513423.64 5403392.99, 513423.6 5403393.07, 513423.63 5403393.12, 513424.06 5403392.86))",0.18060000016875566,0.27607084761380135,49.14250496721947
DEBW522AA00043ffc,08111000_0_002_02930_000,DEBW522AA00043ffc_PF015,S0188,1,DEBW522AA00043fff,"POLYGON ((513423.45 5403392.83, 513423.43 5403392.91, 513425.21 5403391.76, 513425.46 5403391.38, 513423.45 5403392.83))",0.2603499999191612,0.8264530419590883,71.63792311222667
DEBW522AA00043ffc,08111000_0_002_02930_000,DEBW522AA00043ffc_PF016,S0189,1,DEBW522AA00043fff,"POLYGON ((513423.43 5403392.78, 513423.14 5403392.95, 513423.35 5403393.3, 513423.63 5403393.12, 513423.6 5403393.08, 513423.52 5403393.06, 513423.43 5403392.91, 513423.45 5403392.83, 513423.43 5403392.78))",0.11824999994609971,0.27110696935501705,64.13993481003351
DEBW522AA00043ffc,08111000_0_002_02930_000,DEBW522AA00043ffc_PF017,S0190,1,DEBW522AA00043fff,"POLYGON ((513428 5403390.49, 513427.79 5403390.15, 513427.75 5403390.3, 513427.84 5403390.46, 513427.81 5403390.54, 513427.72 5403390.53, 513427.63 5403390.38, 513427.42 5403390.37, 513427.63 5403390.72, 513428 5403390.49))",0.11344999987662303,0.20225906349217296,55.88094910267618
DEBW522AA00043ffc,08111000_0_002_02930_000,DEBW522AA00043ffc_PF018,S0191|S0213,2,DEBW522AA00043fff,"POLYGON ((513424.22 5403397.13, 513431.14 5403392.97, 513427.07 5403386.22, 513420.15 5403390.39, 513424.22 5403397.13), (513425.54 5403391.79, 513425.5 5403391.72, 513425.5 5403391.64, 513425.54 5403391.57, 513425.6 5403391.53, 513425.68 5403391.53, 513425.75 5403391.57, 513425.79 5403391.63, 513425.79 5403391.71, 513425.76 5403391.78, 513425.69 5403391.82, 513425.61 5403391.82, 513425.54 5403391.79))",63.55855000092513,63.55855000092512,0.0
DEBW522AA00043ffc,08111000_0_002_02930_000,DEBW522AA00043ffc_PF019,S0192,1,DEBW522AA00043fff,"POLYGON ((513426.09 5403391.17, 513426.3 5403391.51, 513426.99 5403391.1, 513426.78 5403390.76, 513426.09 5403391.17))",0.32069999991399234,0.3394612519073756,19.137897376871248
DEBW522AA00043ffc,08111000_0_002_02930_000,DEBW522AA00043ffc_PF020,S0193,1,DEBW522AA00043fff,"POLYGON ((513424.4 5403392.19, 513424.61 5403392.53, 513425.23 5403392.16, 513425.03 5403391.82, 513424.4 5403392.19))",0.2883499999142718,0.3052188074785746,19.137930393202947
DEBW522AA00043ffc,08111000_0_002_02930_000,DEBW522AA00043ffc_PF021,S0194,1,DEBW522AA00043fff,"POLYGON ((513425.03 5403391.82, 513425.23 5403392.16, 513425.89 5403391.76, 513425.68 5403391.42, 513425.03 5403391.82))",0.3046999999732477,0.3054940931470165,4.132054796697668
DEBW522AA00043ffc,08111000_0_002_02930_000,DEBW522AA00043ffc_PF022,S0195,1,DEBW522AA00043fff,"POLYGON ((513425.68 5403391.42, 513425.89 5403391.76, 513426.54 5403391.37, 513426.33 5403391.03, 513425.68 5403391.42))",0.30289999982757726,0.30843835450989826,10.8741627183851
DEBW522AA00043ffc,08111000_0_002_02930_000,DEBW522AA00043ffc_PF023,S0196,1,DEBW522AA00043fff,"POLYGON ((513426.33 5403391.03, 513426.54 5403391.37, 513427.13 5403391.02, 513426.92 5403390.67, 513426.33 5403391.03))",0.27809999993592494,0.30909760904756645,25.87926560739327
DEBW522AA00043ffc,08111000_0_002_02930_000,DEBW522AA00043ffc_PF024,S0197,1,DEBW522AA00043fff,"POLYGON ((513426.92 5403390.67, 513427.13 5403391.02, 513427.63 5403390.72, 513427.42 5403390.37, 513426.92 5403390.67))",0.23799999978090636,0.3147888970453584,40.88172696742755
DEBW522AA00043ffc,08111000_0_002_02930_000,DEBW522AA00043ffc_PF025,S0198,1,DEBW522AA00043fff,"POLYGON ((513427.79 5403390.15, 513428 5403390.49, 513428.21 5403390.36, 513428.01 5403390.02, 513427.79 5403390.15))",0.09975000015145634,0.3044930275856927,70.87721168975455
DEBW522AA00043ffc,08111000_0_002_02930_000,DEBW522AA00043ffc_PF026,S0200,1,DEBW522AA00043fff,"POLYGON ((513423.01 5403393.03, 513423.22 5403393.37, 513423.35 5403393.3, 513423.14 5403392.95, 513423.01 5403393.03))",0.060600000004027973,0.32149066252187264,79.13492079187705
DEBW522AA00043ffc,08111000_0_002_02930_000,DEBW522AA00043ffc_PF027,S0201,1,DEBW522AA00043fff,"POLYGON ((513426.78 5403390.76, 513426.99 5403391.1, 513427.59 5403390.74, 513427.38 5403390.4, 513426.78 5403390.76))",0.2795999997844687,0.33782295258840056,34.141660695244326
DEBW522AA00043ffc,08111000_0_002_02930_000,DEBW522AA00043ffc_PF028,S0202,1,DEBW522AA00043fff,"POLYGON ((513427.38 5403390.4, 513427.59 5403390.74, 513428.06 5403390.45, 513427.86 5403390.11, 513427.38 5403390.4))",0.22094999993366657,0.3377505348545857,49.142417946883185
DEBW522AA00043ffc,08111000_0_002_02930_000,DEBW522AA00043ffc_PF029,S0203,1,DEBW522AA00043fff,"POLYGON ((513427.86 5403390.11, 513428.06 5403390.45, 513428.38 5403390.26, 513428.17 5403389.92, 513427.86 5403390.11))",0.14605000004095492,0.33484165101834595,64.13983123368689
DEBW522AA00043ffc,08111000_0_002_02930_000,DEBW522AA00043ffc_PF030,S0204,1,DEBW522AA00043fff,"POLYGON ((513428.17 5403389.92, 513428.38 5403390.26, 513428.52 5403390.18, 513428.31 5403389.84, 513428.17 5403389.92))",0.06440000000121072,0.34164838924468444,79.13486434097368
DEBW522AA00043ffc,08111000_0_002_02930_000,DEBW522AA00043ffc_PF031,S0206,1,DEBW522AA00043fff,"POLYGON ((513422.81 5403393.15, 513423.02 5403393.49, 513423.25 5403393.35, 513423.05 5403393.01, 513422.81 5403393.15))",0.10860000008470379,0.3315096673491741,70.87729972903917
DEBW522AA00043ffc,08111000_0_002_02930_000,DEBW522AA00043ffc_PF032,S0207,1,DEBW522AA00043fff,"POLYGON ((513423.05 5403393.01, 513423.25 5403393.35, 513423.66 5403393.11, 513423.45 5403392.76, 513423.05 5403393.01))",0.18995000000689177,0.3386443113960159,55.88103799465986
DEBW522AA00043ffc,08111000_0_002_02930_000,DEBW522AA00043ffc_PF033,S0208,1,DEBW522AA00043fff,"POLYGON ((513423.45 5403392.76, 513423.66 5403393.11, 513424.21 5403392.77, 513424 5403392.43, 513423.45 5403392.76))",0.26010000020595037,0.34401980684166944,40.88182539983687
DEBW522AA00043ffc,08111000_0_002_02930_000,DEBW522AA00043ffc_PF034,S0209,1,DEBW522AA00043fff,"POLYGON ((513424 5403392.43, 513424.21 5403392.77, 513424.86 5403392.38, 513424.66 5403392.04, 513424 5403392.43))",0.30264999982973095,0.33638401296559467,25.879268963827336
DEBW522AA00043ffc,08111000_0_002_02930_000,DEBW522AA00043ffc_PF035,S0210,1,DEBW522AA00043fff,"POLYGON ((513424.66 5403392.04, 513424.86 5403392.38, 513425.58 5403391.95, 513425.37 5403391.61, 513424.66 5403392.04))",0.331249999848078,0.3373067356696383,10.874178165786978
DEBW522AA00043ffc,08111000_0_002_02930_000,DEBW522AA00043ffc_PF036,S0211,1,DEBW522AA00043fff,"POLYGON ((513425.37 5403391.61, 513425.58 5403391.95, 513426.3 5403391.51, 513426.09 5403391.17, 513425.37 5403391.61))",0.3371999999755761,0.3380787810252688,4.132026831040872
DEBW522AA00043ffc,08111000_0_002_02930_000,DEBW522AA00043ffc_PF037,S0212,1,DEBW522AA00043fff,"POLYGON ((513423.86 5403392.52, 513424.06 5403392.86, 513424.61 5403392.53, 513424.4 5403392.19, 513423.86 5403392.52))",0.2529500000925153,0.3056235935111028,34.14170102866574
DEBW522AA00043ffc,08111000_0_002_02930_000,DEBW522AA00043ffc_PF038,S0214|S0216,2,DEBW522AA00043fff,"POLYGON ((513415.56 5403389.25, 513423.08 5403401.73, 513435.73 5403394.11, 513428.21 5403381.62, 513415.56 5403389.25), (513420.15 5403390.39, 513427.07 5403386.22, 513431.14 5403392.97, 513424.22 5403397.13, 513420.15 5403390.39))",151.64830000316945,151.64830000316948,0.0
DEBW522AA00043ffc,08111000_0_002_02930_000,DEBW522AA00043ffc_PF039,S0215|S0217,2,DEBW522AA00043fff,"POLYGON ((513428.33 5403381.14, 513415.08 5403389.13, 513422.96 5403402.21, 513436.21 5403394.22, 513428.33 5403381.14), (513428.21 5403381.62, 513435.73 5403394.11, 513423.08 5403401.73, 513415.56 5403389.25, 513428.21 5403381.62))",20.995949998697085,20.99594999869703,0.0
DEBW522AA00043ffc,08111000_0_002_02930_000,DEBW522AA00043ffc_PF040,S0218|S0235|S0237|S0247,4,DEBW522AA00043ffd|DEBW522AA00043ffe,"POLYGON ((513358.61 5403372.37, 513272.44 5403424.31, 513275.36 5403429.16, 513280.04 5403436.91, 513280.55 5403436.6, 513275.88 5403428.85, 513273.26 5403424.51, 513358.41 5403373.19, 513361.02 5403377.53, 513366.38 5403386.42, 513284.16 5403435.98, 513284.47 5403436.49, 513367.2 5403386.62, 513361.53 5403377.22, 513358.92 5403372.88, 513359.43 5403372.57, 513354.55 5403364.47, 513360.67 5403360.78, 513360.36 5403360.27, 513353.73 5403364.26, 513358.61 5403372.37))",145.6047500267822,145.60475002678123,0.0
DEBW522AA00043ffc,08111000_0_002_02930_000,DEBW522AA00043ffc_PF041,S0219|S0236,2,DEBW522AA00043ffd|DEBW522AA00043ffe,"POLYGON ((513275.88 5403428.85, 513280.55 5403436.6, 513283.48 5403434.84, 513284.16 5403435.98, 513366.38 5403386.42, 513361.02 5403377.53, 513358.41 5403373.19, 513273.26 5403424.51, 513275.88 5403428.85))",1531.1766500028093,1531.1766500028095,0.0
DEBW522AA00043ffc,08111000_0_002_02930_000,DEBW522AA00043ffc_PF042,S0220,1,DEBW522AA00043ffd,"POLYGON ((513300.05 5403449.66, 513302.8 5403454.22, 513308.4 5403450.84, 513295.68 5403429.73, 513290.08 5403433.11, 513300.05 5403449.66))",161.23424999721774,163.10619737018237,8.688913116868694
DEBW522AA00043ffc,08111000_0_002_02930_000,DEBW522AA00043ffc_PF043,S0221,1,DEBW522AA00043ffd,"POLYGON ((513295.68 5403429.73, 513308.4 5403450.84, 513314.18 5403447.36, 513301.46 5403426.25, 513295.68 5403429.73))",166.28139999898892,166.28139999898892,0.0
DEBW522AA00043ffc,08111000_0_002_02930_000,DEBW522AA00043ffc_PF044,S0222,1,DEBW522AA00043ffd,"POLYGON ((513318.75 5403415.83, 513312.5 5403419.6, 513321.58 5403434.66, 513327.83 5403430.9, 513318.75 5403415.83))",128.3424499995782,128.3424499995782,0.0
DEBW522AA00043ffc,08111000_0_002_02930_000,DEBW522AA00043ffc_PF045,S0223,1,DEBW522AA00043ffd,"POLYGON ((513262.41 5403434.48, 513262.18 5403434.1, 513262.01 5403434.2, 513262.24 5403434.58, 513262.41 5403434.48))",0.08760000007352792,0.08760000007352793,0.0
DEBW522AA00043ffc,08111000_0_002_02930_000,DEBW522AA00043ffc_PF046,S0224,1,DEBW522AA00043ffd,"POLYGON ((513268.99 5403430, 513269.21 5403430.38, 513269.38 5403430.27, 513269.16 5403429.9, 513268.99 5403430))",0.0868499999138061,0.08684999991380611,0.0
DEBW522AA00043ffc,08111000_0_002_02930_000,DEBW522AA00043ffc_PF047,S0225|S0232,2,DEBW522AA00043ffd,"POLYGON ((513280.04 5403436.91, 513270.36 5403420.86, 513253.46 5403431.05, 513276.85 5403469.86, 513291.09 5403461.27, 513277.38 5403438.51, 513280.04 5403436.91), (513279.21 5403436.71, 513276.55 5403438.31, 513290.27 5403461.07, 513277.05 5403469.03, 513254.28 5403431.25, 513270.16 5403421.68, 513279.21 5403436.71))",76.65879999143328,76.6587999914334,0.0
DEBW522AA00043ffc,08111000_0_002_02930_000,DEBW522AA00043ffc_PF048,S0226,1,DEBW522AA00043ffd,"POLYGON ((513267.17 5403426.99, 513267.4 5403427.36, 513267.57 5403427.26, 513267.34 5403426.88, 513267.17 5403426.99))",0.08790000010872027,0.08790000010872025,0.0
DEBW522AA00043ffc,08111000_0_002_02930_000,DEBW522AA00043ffc_PF049,S0227|S0253,2,DEBW522AA00043ffd,"POLYGON ((513359.26 5403358.45, 513386.55 5403403.73, 513407.53 5403391.09, 513380.24 5403345.81, 513359.26 5403358.45), (513359.95 5403358.62, 513380.07 5403346.5, 513406.84 5403390.92, 513386.72 5403403.04, 513359.95 5403358.62))",76.73720001986271,76.73720001986271,0.0
DEBW522AA00043ffc,08111000_0_002_02930_000,DEBW522AA00043ffc_PF050,S0228,1,DEBW522AA00043ffd,"POLYGON ((513347.26 5403398.65, 513352.42 5403407.21, 513358.67 5403403.44, 513353.51 5403394.88, 513347.26 5403398.65))",72.9532000003488,72.9532000003488,0.0
DEBW522AA00043ffc,08111000_0_002_02930_000,DEBW522AA00043ffc_PF051,S0229,1,DEBW522AA00043ffd,"POLYGON ((513269.95 5403474.01, 513270.29 5403473.8, 513257.52 5403452.6, 513264.07 5403448.65, 513255.84 5403435, 513241.9 5403443.4, 513264.17 5403480.34, 513271.21 5403476.1, 513269.95 5403474.01))",492.93410000035436,492.9341000003543,0.0
DEBW522AA00043ffc,08111000_0_002_02930_000,DEBW522AA00043ffc_PF052,S0230,1,DEBW522AA00043ffd,"POLYGON ((513270.29 5403473.8, 513270.81 5403473.5, 513258.34 5403452.81, 513264.38 5403449.17, 513264.07 5403448.65, 513257.52 5403452.6, 513270.29 5403473.8))",19.042899997699493,19.042899997699507,0.0
DEBW522AA00043ffc,08111000_0_002_02930_000,DEBW522AA00043ffc_PF053,S0231,1,DEBW522AA00043ffd,"POLYGON ((513241.08 5403443.2, 513263.96 5403481.17, 513271.52 5403476.61, 513271.21 5403476.1, 513264.17 5403480.34, 513241.9 5403443.4, 513255.84 5403435, 513255.53 5403434.48, 513241.08 5403443.2))",41.45804999910726,41.45804999910723,0.0
DEBW522AA00043ffc,08111000_0_002_02930_000,DEBW522AA00043ffc_PF054,S0233,1,DEBW522AA00043ffd,"POLYGON ((513277.05 5403469.03, 513283.66 5403465.05, 513260.89 5403427.27, 513254.28 5403431.25, 513277.05 5403469.03))",340.35040001121735,340.60752662400216,2.2264418104820756
DEBW522AA00043ffc,08111000_0_002_02930_000,DEBW522AA00043ffc_PF055,S0234,1,DEBW522AA00043ffd,"POLYGON ((513283.66 5403465.05, 513290.27 5403461.07, 513276.55 5403438.31, 513279.21 5403436.71, 513270.16 5403421.68, 513260.89 5403427.27, 513283.66 5403465.05))",394.8215999985923,394.97334917295507,1.5882936809103432
DEBW522AA00043ffc,08111000_0_002_02930_000,DEBW522AA00043ffc_PF056,S0238,1,DEBW522AA00043ffd,"POLYGON ((513387.51 5403344.6, 513381.64 5403348.14, 513390.38 5403362.64, 513396.76 5403358.79, 513392.95 5403352.46, 513392.43 5403352.77, 513387.51 5403344.6))",120.45715000026419,120.45715000026422,0.0
DEBW522AA00043ffc,08111000_0_002_02930_000,DEBW522AA00043ffc_PF057,S0239,1,DEBW522AA00043ffd,"POLYGON ((513426.38 5403382.72, 513404.09 5403345.74, 513392.95 5403352.46, 513396.76 5403358.79, 513413.91 5403387.24, 513414.23 5403387.04, 513415.56 5403389.25, 513426.38 5403382.72))",560.9531500008959,563.3335916504279,5.269102236652403
DEBW522AA00043ffc,08111000_0_002_02930_000,DEBW522AA00043ffc_PF058,S0240,1,DEBW522AA00043ffd,"POLYGON ((513329.5 5403421.08, 513335.07 5403417.72, 513329.88 5403409.12, 513324.32 5403412.47, 513329.5 5403421.08))",65.28249999981199,66.05130649533699,8.750393766505923
DEBW522AA00043ffc,08111000_0_002_02930_000,DEBW522AA00043ffc_PF059,S0241,1,DEBW522AA00043ffd,"POLYGON ((513341.32 5403413.96, 513346.88 5403410.6, 513341.69 5403402, 513336.13 5403405.35, 513341.32 5403413.96))",65.25624999978754,66.02474471625573,8.750378865220153
DEBW522AA00043ffc,08111000_0_002_02930_000,DEBW522AA00043ffc_PF060,S0242,1,DEBW522AA00043ffd,"POLYGON ((513323.94 5403424.43, 513329.5 5403421.08, 513324.32 5403412.47, 513318.75 5403415.83, 513323.94 5403424.43))",65.28249999981199,66.05128573661014,8.750276777529269
DEBW522AA00043ffc,08111000_0_002_02930_000,DEBW522AA00043ffc_PF061,S0243,1,DEBW522AA00043ffd,"POLYGON ((513346.88 5403410.6, 513352.44 5403407.25, 513347.26 5403398.65, 513341.69 5403402, 513346.88 5403410.6))",65.22874999600754,65.99691944327009,8.750370892587338
DEBW522AA00043ffc,08111000_0_002_02930_000,DEBW522AA00043ffc_PF062,S0244,1,DEBW522AA00043ffd,"POLYGON ((513364.26 5403400.13, 513369.82 5403396.77, 513364.63 5403388.17, 513359.07 5403391.52, 513364.26 5403400.13))",65.25624999978754,66.02473239450194,8.750309396233893
DEBW522AA00043ffc,08111000_0_002_02930_000,DEBW522AA00043ffc_PF063,S0245,1,DEBW522AA00043ffd,"POLYGON ((513407.53 5403391.09, 513413.91 5403387.24, 513396.76 5403358.79, 513390.38 5403362.64, 513407.53 5403391.09))",247.53849999408158,247.5384999940817,0.0
DEBW522AA00043ffc,08111000_0_002_02930_000,DEBW522AA00043ffc_PF064,S0246,1,DEBW522AA00043ffd,"POLYGON ((513358.69 5403403.48, 513364.26 5403400.13, 513359.07 5403391.52, 513353.51 5403394.88, 513358.69 5403403.48))",65.28250000481785,66.05129521288717,8.75033015419462
DEBW522AA00043ffc,08111000_0_002_02930_000,DEBW522AA00043ffc_PF065,S0248,1,DEBW522AA00043ffd,"POLYGON ((513380.07 5403346.5, 513359.95 5403358.62, 513386.72 5403403.04, 513406.84 5403390.92, 513380.07 5403346.5))",1218.1828000024516,1218.1828000024518,0.0
DEBW522AA00043ffc,08111000_0_002_02930_000,DEBW522AA00043ffc_PF066,S0249,1,DEBW522AA00043ffd,"POLYGON ((513285.6 5403452.15, 513288.34 5403456.71, 513300.05 5403449.66, 513291.7 5403448.48, 513285.6 5403452.15))",55.278549996190804,56.24568320291951,10.640461170090385
DEBW522AA00043ffc,08111000_0_002_02930_000,DEBW522AA00043ffc_PF067,S0250,1,DEBW522AA00043ffd,"POLYGON ((513291.09 5403461.27, 513302.8 5403454.22, 513300.05 5403449.66, 513288.34 5403456.71, 513291.09 5403461.27))",72.78509999451936,72.78509999451936,0.0
DEBW522AA00043ffc,08111000_0_002_02930_000,DEBW522AA00043ffc_PF068,S0251,1,DEBW522AA00043ffd,"POLYGON ((513284.47 5403436.49, 513291.7 5403448.48, 513300.05 5403449.66, 513290.08 5403433.11, 513284.47 5403436.49))",109.06460000108686,110.33082248776344,8.688812828691411
DEBW522AA00043ffc,08111000_0_002_02930_000,DEBW522AA00043ffc_PF069,S0252,1,DEBW522AA00043ffd,"POLYGON ((513285.6 5403452.15, 513291.7 5403448.48, 513283.48 5403434.84, 513277.38 5403438.51, 513285.6 5403452.15))",113.37140000310711,113.37140000310713,0.0
DEBW522AA00043ffc,08111000_0_002_02930_000,DEBW522AA00043ffc_PF070,S0254,1,DEBW522AA00043ffd,"POLYGON ((513329.88 5403409.12, 513335.04 5403417.68, 513341.29 5403413.92, 513336.13 5403405.35, 513329.88 5403409.12))",72.95865000022711,72.95865000022711,0.0
DEBW522AA00043ffc,08111000_0_002_02930_000,DEBW522AA00043ffc_PF071,S0255,1,DEBW522AA00043ffd,"POLYGON ((513374.43 5403346.27, 513362.38 5403353.54, 513363.72 5403355.77, 513365.04 5403354.97, 513365.94 5403356.46, 513375.36 5403350.78, 513374.46 5403349.29, 513375.78 5403348.5, 513374.43 5403346.27))",55.754900002881676,55.75490000288166,0.0
DEBW522AA00043ffc,08111000_0_002_02930_000,DEBW522AA00043ffc_PF072,S0256,1,DEBW522AA00043ffd,"POLYGON ((513270.81 5403473.5, 513276.85 5403469.86, 513264.38 5403449.17, 513258.34 5403452.81, 513270.81 5403473.5))",170.35839999775894,170.35839999775894,0.0
DEBW522AA00043ffc,08111000_0_002_02930_000,DEBW522AA00043ffc_PF073,S0257,1,DEBW522AA00043ffd,"POLYGON ((513260.59 5403431.46, 513260.37 5403431.09, 513260.19 5403431.19, 513260.42 5403431.57, 513260.59 5403431.46))",0.08925000010774238,0.08925000010774241,0.0
DEBW522AA00043ffc,08111000_0_002_02930_000,DEBW522AA00043ffc_PF074,S0258,1,DEBW522AA00043ffd,"POLYGON ((513321.58 5403434.66, 513312.5 5403419.6, 513301.46 5403426.25, 513314.18 5403447.36, 513386.55 5403403.73, 513360.67 5403360.78, 513354.55 5403364.47, 513359.43 5403372.57, 513358.92 5403372.88, 513361.53 5403377.22, 513367.2 5403386.62, 513364.63 5403388.17, 513369.82 5403396.77, 513358.69 5403403.48, 513358.67 5403403.44, 513352.42 5403407.21, 513352.44 5403407.25, 513341.32 5403413.96, 513341.29 5403413.92, 513335.04 5403417.68, 513335.07 5403417.72, 513323.94 5403424.43, 513327.83 5403430.9, 513321.58 5403434.66))",1608.378550022583,1608.3785500225836,0.0
DEBW522AA00007f7e,08111000_0_003_32960_000,DEBW522AA00007f7e_PF001,S0259,1,DEBW522AA00007f82,"POLYGON ((513269.49 5403322.37, 513271.22 5403321.31, 513269.17 5403317.96, 513267.41 5403319.01, 513261.64 5403322.43, 513264.64 5403327.03, 513266.05 5403326.17, 513265.29 5403324.94, 513264.29 5403323.3, 513266.93 5403321.68, 513267.94 5403323.32, 513269.49 5403322.37))",31.106000001257403,31.1060000012574,0.0
DEBW522AA00007f7e,08111000_0_003_32960_000,DEBW522AA00007f7e_PF002,S0260,1,DEBW522AA00007f81,"POLYGON ((513265.29 5403324.94, 513267.94 5403323.32, 513266.93 5403321.68, 513264.29 5403323.3, 513265.29 5403324.94))",5.9659000017269515,5.9659000017269515,0.0
DEBW522AA00007f7e,08111000_0_003_32960_000,DEBW522AA00007f7e_PF003,S0261,1,DEBW522AA00007f80,"POLYGON ((513243.95 5403339.69, 513248.74 5403336.76, 513245.87 5403332.08, 513241.05 5403334.96, 513243.95 5403339.69))",30.98845000110451,30.988450001104518,0.0
DEBW522AA00007f7e,08111000_0_003_32960_000,DEBW522AA00007f7e_PF004,S0262,1,DEBW522AA00007f7f,"POLYGON ((513229.72 5403320.57, 513228.12 5403317.98, 513226.2 5403314.89, 513212.34 5403323.35, 513227.73 5403348.39, 513227.96 5403348.24, 513230.09 5403346.95, 513236.75 5403342.92, 513236.63 5403342.73, 513241.62 5403339.73, 513235.93 5403330.56, 513234.61 5403328.44, 513229.72 5403320.57))",478.25199999948796,478.2519999994881,0.0
DEBW522AA000330e9,08111000_0_004_32960_000,DEBW522AA000330e9_PF001,S0263,1,DEBW522AA000330ec,"POLYGON ((513169.01 5403351.38, 513169.88 5403350.09, 513170.54 5403348.68, 513170.98 5403347.19, 513171.17 5403345.64, 513171.13 5403344.08, 513163.74 5403348.57, 513166.72 5403353.48, 513167.95 5403352.52, 513169.01 5403351.38))",34.819149999251316,34.819149999251316,0.0
DEBW522AA000330e9,08111000_0_004_32960_000,DEBW522AA000330e9_PF002,S0271,1,DEBW522AA000330eb,"POLYGON ((513188.58 5403342.78, 513164.44 5403357.44, 513169.08 5403365.08, 513193.23 5403350.42, 513188.58 5403342.78))",252.56349999236326,253.33617725135397,4.476087155783594
DEBW522AA000330e9,08111000_0_004_32960_000,DEBW522AA000330e9_PF003,S0272,1,DEBW522AA000330eb,"POLYGON ((513183.93 5403335.14, 513159.8 5403349.79, 513164.44 5403357.44, 513188.58 5403342.78, 513183.93 5403335.14))",252.58455001324373,253.35728979438733,4.476081733399058
DEBW522AA000330e9,08111000_0_004_32960_000,DEBW522AA000330e9_PF004,S0273,1,DEBW522AA000330ea,"POLYGON ((513171.13 5403344.08, 513183.17 5403336.78, 513187.28 5403343.52, 513195.8 5403339.67, 513196.52 5403340.87, 513196.94 5403340.61, 513191.34 5403331.27, 513189.38 5403332.46, 513190 5403333.49, 513185.39 5403336.3, 513184.46 5403334.76, 513182.5 5403335.95, 513179.16 5403330.38, 513173.95 5403333.55, 513173.69 5403333.13, 513166.83 5403337.3, 513167.94 5403338.13, 513168.92 5403339.1, 513169.74 5403340.21, 513170.39 5403341.43, 513170.86 5403342.73, 513171.13 5403344.08))",188.51010000163086,188.5101000016309,0.0
DEBW522AA000330e9,08111000_0_004_32960_000,DEBW522AA000330e9_PF005,S0274,1,DEBW522AA000330ea,"POLYGON ((513166.72 5403353.48, 513165.13 5403354.17, 513163.48 5403354.66, 513161.77 5403354.86, 513160.06 5403354.75, 513158.39 5403354.33, 513156.82 5403353.63, 513155.4 5403352.66, 513154.17 5403351.45, 513152.72 5403352.33, 513162.29 5403368.01, 513171.98 5403362.15, 513166.72 5403353.48))",149.05809999646647,149.05809999646644,0.0
DEBW522AA000330e9,08111000_0_004_32960_000,DEBW522AA000330e9_PF006,S0275,1,DEBW522AA000330ea,"POLYGON ((513155.54 5403348.62, 513157.64 5403352.27, 513183.17 5403336.78, 513178.98 5403329.9, 513173.95 5403332.97, 513149.86 5403347.64, 513151.84 5403350.88, 513155.54 5403348.62))",255.507450002288,255.50745000228804,0.0
DEBW522AA000330e9,08111000_0_004_32960_000,DEBW522AA000330e9_PF007,S0276,1,DEBW522AA000330ea,"POLYGON ((513164.19 5403379.14, 513165.48 5403376.19, 513169.17 5403378.04, 513170.48 5403378.71, 513172.36 5403379.64, 513173.91 5403376.41, 513167.17 5403365.07, 513162.27 5403368.04, 513158.02 5403376.6, 513164.19 5403379.14))",127.3919999961233,127.39199999612335,0.0
DEBW522AA000330e9,08111000_0_004_32960_000,DEBW522AA000330e9_PF008,S0277,1,DEBW522AA000330ea,"POLYGON ((513197.64 5403360.55, 513206.12 5403355.93, 513187.44 5403324.75, 513179.71 5403329.46, 513178.98 5403329.9, 513183.17 5403336.78, 513191.43 5403350.35, 513197.64 5403360.55))",353.02195000005423,353.02195000005435,0.0
DEBW522AA000330e9,08111000_0_004_32960_000,DEBW522AA000330e9_PF009,S0278,1,DEBW522AA000330ea,"POLYGON ((513157.64 5403352.27, 513155.54 5403348.62, 513151.84 5403350.88, 513162.29 5403368.01, 513162.27 5403368.04, 513171.98 5403362.15, 513163.74 5403348.57, 513157.64 5403352.27))",198.17429999802718,198.17429999802718,0.0
DEBW522AA000330e9,08111000_0_004_32960_000,DEBW522AA000330e9_PF010,S0279,1,DEBW522AA000330ea,"POLYGON ((513193.29 5403364.8, 513193.59 5403364.61, 513192.81 5403363.18, 513197.64 5403360.55, 513191.43 5403350.35, 513167.17 5403365.07, 513173.91 5403376.41, 513193.29 5403364.8))",369.1047500028293,369.1047500028293,0.0
DEBW522AA00008bfa,08111000_0_006_30740_000,DEBW522AA00008bfa_PF001,S0280,1,DEBW522AA00008bff,"POLYGON ((513319.52 5403228.26, 513318.41 5403226.12, 513317.16 5403224.06, 513315.77 5403222.08, 513314.26 5403220.2, 513311.18 5403221.99, 513317.41 5403232.23, 513320.49 5403230.48, 513319.52 5403228.26))",46.4751000031143,46.47510000311429,0.0
DEBW522AA00008bfa,08111000_0_006_30740_000,DEBW522AA00008bfa_PF002,S0281,1,DEBW522AA00008bfe,"POLYGON ((513306.74 5403213.57, 513300.49 5403203.3, 513290.64 5403209.23, 513290.94 5403209.74, 513300.29 5403204.12, 513306.23 5403213.87, 513306.74 5403213.57))",13.639500000825617,13.639500000825585,0.0
DEBW522AA00008bfa,08111000_0_006_30740_000,DEBW522AA00008bfa_PF003,S0282,1,DEBW522AA00008bfd,"POLYGON ((513276.23 5403284.61, 513274.52 5403285.66, 513276.47 5403288.84, 513278.42 5403292.02, 513280.11 5403290.94, 513276.23 5403284.61))",14.929349997493532,14.929349997493532,0.0
DEBW522AA00008bfa,08111000_0_006_30740_000,DEBW522AA00008bfa_PF004,S0283,1,DEBW522AA00008bfc,"POLYGON ((513310.39 5403263.68, 513277.72 5403283.7, 513281.6 5403290.03, 513289.43 5403285.23, 513292.61 5403290.4, 513295.76 5403288.54, 513295.09 5403287.47, 513300.61 5403284.04, 513300.44 5403283.76, 513299.53 5403282.27, 513315.68 5403272.47, 513310.39 5403263.68))",390.81535000342586,390.8153500034259,0.0
DEBW522AA00008bfa,08111000_0_006_30740_000,DEBW522AA00008bfa_PF005,S0284,1,DEBW522AA00008bfc,"POLYGON ((513276.23 5403284.61, 513280.11 5403290.94, 513281.6 5403290.03, 513277.72 5403283.7, 513276.23 5403284.61))",12.962500000634464,12.962500000634464,0.0
DEBW522AA00008bfa,08111000_0_006_30740_000,DEBW522AA00008bfa_PF006,S0285,1,DEBW522AA00008bfc,"POLYGON ((513300.44 5403283.76, 513313.45 5403275.86, 513318.54 5403272.77, 513313.23 5403264.03, 513312.31 5403262.5, 513310.39 5403263.68, 513315.68 5403272.47, 513299.53 5403282.27, 513300.44 5403283.76))",60.18575000472464,60.18575000472464,0.0
DEBW522AA00008bfa,08111000_0_006_30740_000,DEBW522AA00008bfa_PF007,S0286,1,DEBW522AA00008bfb,"POLYGON ((513257 5403295.67, 513259.91 5403293.89, 513252.62 5403282.01, 513249.65 5403283.63, 513255.75 5403293.63, 513257 5403295.67))",47.634400000806224,47.63440000080623,0.0
DEBW522AA00008bfa,08111000_0_006_30740_000,DEBW522AA00008bfa_PF008,S0287,1,DEBW522AA00008bfb,"POLYGON ((513300.29 5403204.12, 513243.84 5403238.36, 513246.58 5403243.16, 513299.82 5403210.34, 513314.86 5403235.17, 513317.96 5403233.14, 513300.29 5403204.12))",455.7779999880003,455.77799998800015,0.0
DEBW522AA00008bfa,08111000_0_006_30740_000,DEBW522AA00008bfa_PF009,S0288,1,DEBW522AA00008bfb,"POLYGON ((513321.15 5403245.75, 513311.72 5403251.48, 513314.48 5403256.24, 513324.07 5403250.4, 513321.15 5403245.75))",61.17395000129229,61.1739500012923,0.0
DEBW522AA00008bfa,08111000_0_006_30740_000,DEBW522AA00008bfa_PF010,S0289,1,DEBW522AA00008bfb,"POLYGON ((513317.96 5403233.14, 513314.86 5403235.17, 513321.15 5403245.75, 513324.07 5403250.4, 513327.28 5403248.45, 513327.06 5403248.08, 513317.96 5403233.14))",67.47685000305061,67.4768500030506,0.0
DEBW522AA00008bfa,08111000_0_006_30740_000,DEBW522AA00008bfa_PF011,S0290,1,DEBW522AA00008bfb,"POLYGON ((513299.48 5403208.01, 513299.91 5403207.99, 513300.32 5403208.14, 513300.63 5403208.43, 513300.81 5403208.82, 513300.82 5403209.25, 513302.55 5403209.53, 513310.9 5403223.33, 513308.68 5403224.68, 513313.82 5403233.16, 513316.02 5403231.89, 513326.19 5403248.61, 513327.06 5403248.08, 513317.96 5403233.14, 513300.29 5403204.12, 513243.84 5403238.36, 513246.58 5403243.16, 513230.87 5403252.85, 513234.34 5403258.54, 513242.09 5403253.87, 513242.23 5403253.26, 513245.91 5403251.04, 513269.05 5403289.02, 513276.39 5403284.52, 513272.06 5403277.02, 513270.41 5403277.88, 513269.13 5403275.92, 513267.86 5403275.76, 513259.9 5403262.7, 513260.32 5403261.27, 513247.85 5403240.78, 513249.11 5403237.1, 513296.39 5403208.54, 513298.66 5403208.9, 513298.8 5403208.5, 513299.09 5403208.19, 513299.48 5403208.01))",649.1298499827348,649.1298499827352,0.0
DEBW522AA00008bfa,08111000_0_006_30740_000,DEBW522AA00008bfa_PF012,S0291,1,DEBW522AA00008bfb,"POLYGON ((513314.86 5403235.17, 513299.82 5403210.34, 513246.58 5403243.16, 513230.87 5403252.85, 513234.34 5403258.54, 513238.65 5403265.6, 513268.72 5403247.19, 513285.6 5403275.43, 513255.75 5403293.63, 513257 5403295.67, 513257.32 5403296.2, 513258.61 5403295.42, 513269.05 5403289.02, 513276.39 5403284.52, 513312.31 5403262.5, 513310.12 5403258.9, 513314.48 5403256.24, 513311.72 5403251.48, 513321.15 5403245.75, 513314.86 5403235.17))",2833.828599998065,2833.8285999980635,0.0
DEBW522AA00008bfa,08111000_0_006_30740_000,DEBW522AA00008bfa_PF013,S0292,1,DEBW522AA00008bfb,"POLYGON ((513244.74 5403275.57, 513249.65 5403283.63, 513255.75 5403293.63, 513285.6 5403275.43, 513268.72 5403247.19, 513238.65 5403265.6, 513244.74 5403275.57))",1153.8516999907947,1153.851699990795,0.0
DEBW522AA00008bfa,08111000_0_006_30740_000,DEBW522AA00008bfa_PF014,S0293,1,DEBW522AA00008bfb,"POLYGON ((513255.75 5403293.63, 513257 5403295.67, 513259.91 5403293.89, 513252.62 5403282.01, 513249.65 5403283.63, 513255.75 5403293.63))",47.634400000806224,47.634400000806224,0.0
DEBW522AA00008bfa,08111000_0_006_30740_000,DEBW522AA00008bfa_PF015,S0294,1,DEBW522AA00008bfb,"POLYGON ((513317.96 5403233.14, 513300.29 5403204.12, 513281.8 5403215.23, 513243.84 5403238.36, 513246.58 5403243.16, 513233.02 5403251.52, 513230.87 5403252.85, 513234.34 5403258.54, 513242.09 5403253.87, 513242.23 5403253.26, 513245.91 5403251.04, 513269.05 5403289.02, 513276.39 5403284.52, 513272.06 5403277.02, 513270.41 5403277.88, 513269.13 5403275.92, 513267.86 5403275.76, 513259.9 5403262.7, 513260.32 5403261.27, 513247.85 5403240.78, 513249.11 5403237.1, 513296.39 5403208.54, 513298.66 5403208.9, 513298.8 5403208.5, 513299.09 5403208.19, 513299.48 5403208.01, 513299.91 5403207.99, 513300.32 5403208.14, 513300.63 5403208.43, 513300.81 5403208.82, 513300.82 5403209.25, 513302.55 5403209.53, 513310.9 5403223.33, 513308.68 5403224.68, 513313.82 5403233.16, 513316.02 5403231.89, 513326.19 5403248.61, 513327.06 5403248.08, 513317.96 5403233.14))",652.1292999764839,652.1292999764856,0.0
DEBW522AA00010752,08111000_0_017_31900_000,DEBW522AA00010752_PF001,S0295,1,DEBW522AA00010754,"POLYGON ((513077.99 5403284.94, 513081.7 5403291.06, 513084.57 5403295.86, 513088.98 5403293.28, 513082.29 5403282.38, 513080.47 5403283.46, 513077.99 5403284.94))",64.45080000015399,64.45080000015399,0.0
DEBW522AA00010752,08111000_0_017_31900_000,DEBW522AA00010752_PF002,S0296,1,DEBW522AA00010753,"POLYGON ((513085.12 5403296.78, 513088.71 5403302.78, 513097.36 5403297.56, 513094.8 5403293.27, 513090.52 5403295.85, 513088.98 5403293.28, 513084.57 5403295.85, 513085.12 5403296.78))",66.0130000033633,66.0130000033633,0.0
DEBW522AA00010752,08111000_0_017_31900_000,DEBW522AA00010752_PF003,S0297,1,DEBW522AA00010753,"POLYGON ((513092.79 5403309.61, 513096.39 5403307.45, 513095.36 5403305.74, 513114.22 5403294.45, 513109.47 5403286.62, 513106.96 5403282.49, 513099.12 5403287.17, 513088.98 5403293.28, 513090.52 5403295.85, 513094.8 5403293.27, 513097.36 5403297.56, 513088.71 5403302.78, 513092.32 5403308.83, 513092.79 5403309.61))",307.9120999998665,307.91209999986654,0.0
DEBW522AA00010752,08111000_0_017_31900_000,DEBW522AA00010752_PF004,S0298,1,DEBW522AA00010753,"POLYGON ((513082.29 5403279.51, 513080.99 5403280.26, 513082.29 5403282.38, 513088.98 5403293.28, 513090.26 5403292.5, 513082.29 5403279.51))",22.887550001808606,22.887550001808606,0.0
DEBW522AA00010752,08111000_0_017_31900_000,DEBW522AA00010752_PF005,S0299,1,DEBW522AA00010753,"POLYGON ((513082.29 5403279.51, 513090.26 5403292.5, 513099.12 5403287.17, 513089.94 5403272, 513089.78 5403271.73, 513079.42 5403277.7, 513080.99 5403280.26, 513082.29 5403279.51))",193.1109499955463,193.1109499955463,0.0
DEBW522AA00010752,08111000_0_017_31900_000,DEBW522AA00010752_PF006,S0300,1,DEBW522AA00010753,"POLYGON ((513115.26 5403296.16, 513114.22 5403294.45, 513095.36 5403305.74, 513096.39 5403307.45, 513115.26 5403296.16))",43.94429999968787,43.94429999968787,0.0
DEBW522AA0004292e,08111000_0_015_31820_000,DEBW522AA0004292e_PF001,S0301|S0302,2,DEBW522AA00042930,"POLYGON ((513007.75 5403436.24, 513008.16 5403435.57, 512986.07 5403422.55, 512985.46 5403423.16, 513007.75 5403436.24))",20.857100002760347,120.12493411890785,80.00115070839198
DEBW522AA0004292e,08111000_0_015_31820_000,DEBW522AA0004292e_PF002,S0303|S0304|S0305|S0306,4,DEBW522AA00042930,"POLYGON ((512983.42 5403425.21, 512985.06 5403426.03, 512984.17 5403427.92, 513006.19 5403438.81, 513007.75 5403436.24, 512985.46 5403423.16, 512983.42 5403425.21))",99.89494999059386,101.43779955527523,10.005793008266732
DEBW522AA0004292e,08111000_0_015_31820_000,DEBW522AA0004292e_PF003,S0307,1,DEBW522AA0004292f,"POLYGON ((512982.42 5403431.63, 512976.55 5403428.83, 512978.51 5403424.87, 512976.33 5403423.79, 512973.96 5403422.62, 512970.21 5403427.98, 512967.78 5403431.46, 512966.78 5403432.89, 513029.33 5403463.84, 513032.7 5403457.26, 513032.85 5403456.96, 513034.9 5403452.95, 513031 5403451.04, 513028.23 5403456.58, 513017.47 5403451.27, 513020.25 5403445.72, 513018.37 5403444.82, 513007.41 5403439.41, 513006.19 5403438.81, 512984.17 5403427.92, 512982.42 5403431.63))",739.9226999854782,739.9226999854781,0.0
DEBW522AA0004292e,08111000_0_015_31820_000,DEBW522AA0004292e_PF004,S0308,1,DEBW522AA0004292f,"POLYGON ((513026.4 5403458.92, 513026.61 5403458.48, 513020.62 5403455.48, 513019.72 5403457.25, 512999.96 5403447.47, 512999.8 5403447.8, 512988.1 5403442.02, 512988.27 5403441.68, 512977.77 5403436.49, 512979.62 5403432.74, 512975.28 5403430.74, 512975.32 5403430.64, 512970.21 5403427.98, 512967.78 5403431.46, 512966.78 5403432.89, 512965.61 5403434.56, 513024.63 5403463.77, 513025.26 5403462.51, 513030.07 5403464.88, 513033.75 5403457.41, 513032.85 5403456.96, 513032.7 5403457.26, 513032.34 5403457.08, 513030.49 5403460.78, 513026.4 5403458.92))",321.6567499762045,321.65674997620465,0.0
DEBW522AA0004292e,08111000_0_015_31820_000,DEBW522AA0004292e_PF005,S0309,1,DEBW522AA0004292f,"POLYGON ((513029.33 5403463.84, 512966.78 5403432.89, 512965.61 5403434.56, 513024.63 5403463.77, 513025.26 5403462.51, 513030.07 5403464.88, 513033.75 5403457.41, 513032.85 5403456.96, 513032.7 5403457.26, 513029.33 5403463.84))",144.10754999067444,144.1075499906743,0.0
DEBW522AA0004292e,08111000_0_015_31820_000,DEBW522AA0004292e_PF006,S0310,1,DEBW522AA0004292f,"POLYGON ((513020.25 5403445.72, 513017.47 5403451.27, 513028.23 5403456.58, 513031 5403451.04, 513027.45 5403449.29, 513020.25 5403445.72))",74.34884999998738,74.34884999998738,0.0
DEBW522AA0004292e,08111000_0_015_31820_000,DEBW522AA0004292e_PF007,S0311,1,DEBW522AA0004292f,"POLYGON ((512984.17 5403427.92, 512985.06 5403426.03, 512983.42 5403425.21, 512979.34 5403423.19, 512978.51 5403424.87, 512976.55 5403428.83, 512982.42 5403431.63, 512984.17 5403427.92))",40.24039999840644,40.24039999840643,0.0
DEBW522AA0000cfb4,08111000_A_022_31900_000,DEBW522AA0000cfb4_PF001,S0312,1,DEBW522AA0000cfb5,"POLYGON ((513137.02 5403362.62, 513135.82 5403360.64, 513151.84 5403350.88, 513149.86 5403347.64, 513173.95 5403332.97, 513170.44 5403327.28, 513136.23 5403348.11, 513124.83 5403329.19, 513113.19 5403336.22, 513127.98 5403360.81, 513122.2 5403364.28, 513134.79 5403385.11, 513136.2 5403387.45, 513137.1 5403386.99, 513143.32 5403395.2, 513170.48 5403378.71, 513169.17 5403378.04, 513165.48 5403376.19, 513164.19 5403379.14, 513158.02 5403376.6, 513148.85 5403382.15, 513145.7 5403376.96, 513137.02 5403362.62))",1348.9336999788438,1348.933699978844,0.0
DEBW522AA0000cfb4,08111000_A_022_31900_000,DEBW522AA0000cfb4_PF002,S0313,1,DEBW522AA0000cfb5,"POLYGON ((513145.94 5403297.29, 513116.22 5403315.26, 513103.94 5403322.68, 513104.12 5403322.96, 513096.1 5403327.78, 513095.92 5403327.54, 513095.57 5403327.76, 513098.76 5403333.03, 513149.16 5403302.61, 513145.94 5403297.29))",361.78835001956577,361.788350019566,0.0
DEBW522AA0000cfb4,08111000_A_022_31900_000,DEBW522AA0000cfb4_PF003,S0314,1,DEBW522AA0000cfb5,"POLYGON ((513173.95 5403332.97, 513178.98 5403329.9, 513187.44 5403324.75, 513167.29 5403291.68, 513149.16 5403302.61, 513098.76 5403333.03, 513099.78 5403334.71, 513104.05 5403341.75, 513113.19 5403336.22, 513124.83 5403329.19, 513159.06 5403308.53, 513170.44 5403327.28, 513173.95 5403332.97))",1267.2625000038524,1267.2625000038531,0.0
DEBW522AA0000cfb4,08111000_A_022_31900_000,DEBW522AA0000cfb4_PF004,S0315,1,DEBW522AA0000cfb5,"POLYGON ((513145.76 5403376.69, 513145.89 5403375.91, 513145.97 5403375.12, 513146 5403374.33, 513145.97 5403373.54, 513145.89 5403372.75, 513145.76 5403371.97, 513145.58 5403371.19, 513145.35 5403370.44, 513145.07 5403369.69, 513144.75 5403368.97, 513144.63 5403368.74, 513144.37 5403368.27, 513143.95 5403367.59, 513143.49 5403366.95, 513142.99 5403366.34, 513142.44 5403365.76, 513141.87 5403365.21, 513141.25 5403364.71, 513140.61 5403364.25, 513139.93 5403363.83, 513139.23 5403363.46, 513138.51 5403363.13, 513137.77 5403362.85, 513137.02 5403362.62, 513145.7 5403376.96, 513145.76 5403376.69))",38.73405000055732,38.73405000055732,0.0
DEBW522AA00014ad3,08111000_0_008_15860_000,DEBW522AA00014ad3_PF001,S0316,1,DEBW522AA00014ad6,"POLYGON ((513018.37 5403444.82, 513027.45 5403449.29, 513029.48 5403445.18, 513029.52 5403445.09, 513020.45 5403440.61, 513018.37 5403444.82))",47.45514999976833,47.455149999768324,0.0
DEBW522AA00014ad3,08111000_0_008_15860_000,DEBW522AA00014ad3_PF002,S0317,1,DEBW522AA00014ad6,"POLYGON ((513035.92 5403416.62, 513031.85 5403414.72, 513030.49 5403414.05, 513027.84 5403419.42, 513029.22 5403420.08, 513033.27 5403422.01, 513035.92 5403416.62))",35.98375000042666,35.98375000042666,0.0
DEBW522AA00014ad3,08111000_0_008_15860_000,DEBW522AA00014ad3_PF003,S0318,1,DEBW522AA00014ad6,"POLYGON ((513032.63 5403446.75, 513045.27 5403421.2, 513042.51 5403419.83, 513039.87 5403425.17, 513033.27 5403422.01, 513029.22 5403420.08, 513026.26 5403426.08, 513019.34 5403440.06, 513020.45 5403440.61, 513029.52 5403445.09, 513029.48 5403445.18, 513032.63 5403446.75))",351.7408500034469,351.74085000344695,0.0
DEBW522AA00014ad3,08111000_0_008_15860_000,DEBW522AA00014ad3_PF004,S0319,1,DEBW522AA00014ad6,"POLYGON ((513030.14 5403444.83, 513029.75 5403444.63, 513029.52 5403445.1, 513029.48 5403445.18, 513032.63 5403446.75, 513045.27 5403421.2, 513042.51 5403419.83, 513030.14 5403444.83))",88.1209999995362,88.12099999953622,0.0
DEBW522AA00014ad3,08111000_0_008_15860_000,DEBW522AA00014ad3_PF005,S0320,1,DEBW522AA00014ad6,"POLYGON ((513042.51 5403419.83, 513030.14 5403444.83, 513029.75 5403444.63, 513029.52 5403445.1, 513029.48 5403445.18, 513032.63 5403446.75, 513045.27 5403421.2, 513042.51 5403419.83))",88.1209999995362,88.12099999953618,0.0
DEBW522AA00014ad3,08111000_0_008_15860_000,DEBW522AA00014ad3_PF006,S0321,1,DEBW522AA00014ad6,"POLYGON ((513026.26 5403426.08, 513019.34 5403440.06, 513020.45 5403440.61, 513026.41 5403428.54, 513026.26 5403426.08))",17.89795000186174,17.897950001861737,0.0
DEBW522AA00014ad3,08111000_0_008_15860_000,DEBW522AA00014ad3_PF007,S0322,1,DEBW522AA00014ad6,"POLYGON ((513020.45 5403440.61, 513026.41 5403428.54, 513026.26 5403426.08, 513019.34 5403440.06, 513020.45 5403440.61))",17.897950001861737,17.897950001861737,0.0
DEBW522AA00014ad3,08111000_0_008_15860_000,DEBW522AA00014ad3_PF008,S0323,1,DEBW522AA00014ad6,"POLYGON ((513037.14 5403417.19, 513035.92 5403416.62, 513035.83 5403416.58, 513033.18 5403421.97, 513033.27 5403422.01, 513039.87 5403425.17, 513042.51 5403419.83, 513037.14 5403417.19))",44.4775499976098,44.4775499976098,0.0
DEBW522AA00014ad3,08111000_0_008_15860_000,DEBW522AA00014ad3_PF009,S0324,1,DEBW522AA00014ad6,"POLYGON ((513033.18 5403421.97, 513033.27 5403422.01, 513035.92 5403416.62, 513035.83 5403416.58, 513033.18 5403421.97))",0.5911000000494884,0.5911000000494886,0.0
DEBW522AA00014ad3,08111000_0_008_15860_000,DEBW522AA00014ad3_PF010,S0325,1,DEBW522AA00014ad4,"POLYGON ((513026.96 5403379.79, 513027.68 5403380.26, 513038.11 5403389.11, 513042.86 5403393.14, 513030.84 5403373.81, 513027.4 5403375.9, 513023.59 5403378.21, 513024.45 5403379.62, 513025.29 5403379.46, 513026.15 5403379.52, 513026.96 5403379.79))",86.83850000422571,86.83850000422571,0.0
DEBW522AA00014ad3,08111000_0_008_15860_000,DEBW522AA00014ad3_PF011,S0326,1,DEBW522AA00014ad4,"POLYGON ((513047.64 5403409.4, 513046.19 5403411.06, 513044.49 5403412.33, 513042.53 5403413.24, 513040.47 5403413.7, 513038.36 5403413.73, 513037.14 5403417.19, 513045.27 5403421.2, 513052.42 5403406.74, 513049.48 5403403.14, 513049.33 5403405.34, 513048.71 5403407.46, 513047.64 5403409.4))",92.47150000217482,92.47150000217482,0.0
DEBW522AA00014ad3,08111000_0_008_15860_000,DEBW522AA00014ad3_PF012,S0327,1,DEBW522AA00014ad4,"POLYGON ((513042.86 5403393.14, 513030.84 5403373.81, 513027.4 5403375.9, 513038.11 5403389.11, 513046.87 5403399.92, 513047.39 5403399.5, 513043.73 5403394.95, 513042.86 5403393.14))",64.89580000924137,64.89580000924137,0.0
DEBW522AA00014ad3,08111000_0_008_15860_000,DEBW522AA00014ad3_PF013,S0328,1,DEBW522AA00014ad4,"POLYGON ((513025.9 5403395.91, 513025.96 5403395.99, 513030.72 5403392.57, 513028.63 5403389.17, 513028.58 5403389.08, 513023.08 5403392.44, 513025.9 5403395.91))",26.548750000299187,26.54875000029919,0.0
DEBW522AA00014ad3,08111000_0_008_15860_000,DEBW522AA00014ad3_PF014,S0329,1,DEBW522AA00014ad4,"POLYGON ((513023.59 5403378.21, 513024.45 5403379.62, 513025.29 5403379.46, 513026.15 5403379.52, 513026.96 5403379.79, 513027.68 5403380.26, 513038.11 5403389.11, 513042.86 5403393.14, 513030.84 5403373.81, 513027.4 5403375.9, 513023.59 5403378.21))",86.83850000422571,86.83850000422571,0.0
DEBW522AA00014ad3,08111000_0_008_15860_000,DEBW522AA00014ad3_PF015,S0330,1,DEBW522AA00014ad4,"POLYGON ((513033.62 5403415.55, 513036.74 5403409.25, 513025.9 5403395.91, 513025.11 5403396.55, 513033.77 5403410.84, 513031.85 5403414.72, 513033.62 5403415.55))",47.949149997496065,47.949149997496065,0.0
DEBW522AA00014ad3,08111000_0_008_15860_000,DEBW522AA00014ad3_PF016,S0331,1,DEBW522AA00014ad4,"POLYGON ((513028.58 5403389.08, 513028.63 5403389.17, 513030.72 5403392.57, 513025.96 5403395.99, 513036.74 5403409.25, 513033.62 5403415.55, 513037.14 5403417.19, 513045.27 5403421.2, 513052.42 5403406.74, 513049.48 5403403.14, 513046.87 5403399.92, 513038.11 5403389.11, 513027.4 5403375.9, 513023.59 5403378.21, 513024.45 5403379.62, 513029.78 5403388.35, 513028.58 5403389.08))",525.0931499989628,525.0931499989629,0.0
DEBW522AA00014ad3,08111000_0_008_15860_000,DEBW522AA00014ad3_PF017,S0332,1,DEBW522AA00014ad4,"POLYGON ((513048.71 5403407.46, 513047.64 5403409.4, 513046.19 5403411.06, 513044.49 5403412.33, 513042.53 5403413.24, 513040.47 5403413.7, 513038.36 5403413.73, 513037.14 5403417.19, 513045.27 5403421.2, 513052.42 5403406.74, 513049.48 5403403.14, 513049.33 5403405.34, 513048.71 5403407.46))",92.47150000217482,92.47150000217484,0.0
DEBW522AA00016048,08111000_0_025_31900_000,DEBW522AA00016048_PF001,S0333,1,DEBW522AA0001604c,"POLYGON ((512925.78 5403373.49, 512924.45 5403376.19, 512924.94 5403376.41, 512924.41 5403377.46, 512929 5403379.71, 512941.27 5403371.52, 512942.48 5403372.13, 512946.72 5403369.19, 512946.33 5403362.47, 512936.75 5403357.75, 512934.18 5403356.48, 512925.78 5403373.49))",277.89504999447763,277.8950499944776,0.0
DEBW522AA00016048,08111000_0_025_31900_000,DEBW522AA00016048_PF002,S0334,1,DEBW522AA0001604b,"POLYGON ((512948.19 5403318.78, 512941.18 5403340.5, 512946.87 5403336.77, 512953.75 5403340.16, 512953.6 5403338.21, 512954.97 5403329.97, 512956.87 5403328.62, 512956.76 5403327.32, 512961.47 5403324.26, 512968.9 5403327.96, 512969.51 5403338.66, 512973.23 5403340.56, 512973.69 5403348.57, 512987.08 5403355.22, 512987.32 5403360.74, 512978.43 5403366.61, 512978.53 5403367.94, 512997.57 5403355.37, 512980.73 5403347.05, 512969.67 5403333.59, 512968.69 5403323.81, 512966.31 5403325.4, 512950.43 5403317.62, 512948.19 5403318.78))",419.7505999958008,419.75059999580094,0.0
DEBW522AA00016048,08111000_0_025_31900_000,DEBW522AA00016048_PF003,S0335,1,DEBW522AA0001604a,"POLYGON ((512956.76 5403327.32, 512956.87 5403328.62, 512954.97 5403329.97, 512953.62 5403338.11, 512953.6 5403338.21, 512953.75 5403340.16, 512977.37 5403351.8, 512978.43 5403366.61, 512987.32 5403360.74, 512987.08 5403355.22, 512973.69 5403348.57, 512973.23 5403340.56, 512969.51 5403338.66, 512968.9 5403327.96, 512961.47 5403324.26, 512956.76 5403327.32))",409.0267500038025,409.0267500038025,0.0
DEBW522AA00016048,08111000_0_025_31900_000,DEBW522AA00016048_PF004,S0336,1,DEBW522AA00016049,"POLYGON ((512920.11 5403384.98, 512930.35 5403389.76, 512946.15 5403379.24, 512945.76 5403375.29, 512941.87 5403373.42, 512941.87 5403372.5, 512942.48 5403372.13, 512941.27 5403371.52, 512930.16 5403378.96, 512929 5403379.71, 512924.41 5403377.46, 512924.94 5403376.41, 512924.45 5403376.19, 512920.11 5403384.98))",232.59790000256328,232.59790000256342,0.0
DEBW522AA00016048,08111000_0_025_31900_000,DEBW522AA00016048_PF005,S0337,1,DEBW522AA00016049,"POLYGON ((512946.33 5403381.09, 512949.9 5403382.07, 512960.7 5403373.98, 512963.63 5403373.92, 512962.64 5403361.52, 512953.01 5403356.31, 512948.45 5403359.37, 512948.3 5403360.87, 512946.01 5403362.31, 512946.33 5403362.47, 512946.56 5403366.41, 512946.72 5403369.19, 512947.68 5403368.43, 512952.71 5403370.76, 512952.72 5403373.31, 512948.03 5403376.38, 512945.76 5403375.29, 512946.15 5403379.24, 512946.33 5403381.09))",286.24970001043056,286.2497000104305,0.0
DEBW522AA00016048,08111000_0_025_31900_000,DEBW522AA00016048_PF006,S0338,1,DEBW522AA00016049,"POLYGON ((512969.47 5403357.15, 512970.96 5403381.04, 512957.47 5403388.99, 512959.8 5403390.23, 512979.2 5403377.24, 512978.53 5403367.94, 512978.43 5403366.61, 512977.37 5403351.8, 512968.84 5403347.6, 512969.47 5403357.15))",280.2846500081895,280.2846500081894,0.0
DEBW522AA00016048,08111000_0_025_31900_000,DEBW522AA00016048_PF007,S0339,1,DEBW522AA00016049,"POLYGON ((512942.48 5403372.13, 512941.87 5403372.5, 512941.87 5403373.42, 512945.76 5403375.29, 512948.03 5403376.38, 512952.72 5403373.31, 512952.71 5403370.76, 512947.68 5403368.43, 512946.72 5403369.19, 512942.48 5403372.13))",51.85809999935647,51.85809999935647,0.0
DEBW522AA00016048,08111000_0_025_31900_000,DEBW522AA00016048_PF008,S0340,1,DEBW522AA00016049,"POLYGON ((512946.15 5403379.24, 512930.35 5403389.76, 512920.11 5403384.98, 512917.81 5403389.64, 512913.87 5403397.6, 512914.41 5403397.86, 512915.31 5403396.05, 512918.08 5403397.34, 512918.34 5403396.77, 512919.44 5403397.28, 512919.65 5403401.3, 512924.07 5403403.49, 512930.55 5403406.96, 512936.84 5403402.78, 512938.7 5403401.54, 512938.55 5403400.25, 512942.97 5403397.31, 512944.09 5403397.89, 512957.47 5403388.99, 512970.96 5403381.04, 512969.47 5403357.15, 512952.5 5403348.42, 512949.81 5403350.03, 512945.65 5403347.85, 512940.8 5403350.69, 512940.6 5403352.22, 512936.44 5403354.73, 512936.75 5403357.75, 512946.01 5403362.31, 512948.3 5403360.87, 512948.45 5403359.37, 512953.01 5403356.31, 512962.64 5403361.52, 512963.63 5403373.92, 512960.7 5403373.98, 512949.9 5403382.07, 512946.33 5403381.09, 512946.15 5403379.24))",1123.2826499849218,1123.282649984922,0.0
DEBW522AA00016048,08111000_0_025_31900_000,DEBW522AA00016048_PF009,S0341,1,DEBW522AA00016049,"POLYGON ((512968.84 5403347.6, 512953.75 5403340.16, 512946.87 5403336.77, 512941.18 5403340.5, 512939.5 5403345.67, 512935.57 5403353.64, 512934.18 5403356.48, 512936.75 5403357.75, 512936.44 5403354.73, 512940.6 5403352.22, 512940.8 5403350.69, 512945.65 5403347.85, 512949.81 5403350.03, 512952.5 5403348.42, 512969.47 5403357.15, 512968.84 5403347.6))",309.14660000847505,309.14660000847516,0.0
DEBW522AA0000dc32,08111000_0_010_15860_000,DEBW522AA0000dc32_PF001,S0342,1,DEBW522AA0000dc34,"POLYGON ((512998.18 5403307.51, 512982.88 5403313.05, 512982.54 5403313.17, 512981.96 5403330.83, 512980.48 5403333.82, 512992.92 5403339.97, 512994.71 5403331.05, 512996.02 5403331.67, 512999.21 5403333.18, 513001.72 5403331.97, 513000.79 5403330.21, 513002.17 5403327.8, 513002.5 5403327.93, 513006.89 5403320.24, 513007.43 5403321.29, 513008.5 5403319.44, 512998.18 5403307.51))",546.4583500003589,546.4583500003589,0.0
DEBW522AA0000dc32,08111000_0_010_15860_000,DEBW522AA0000dc32_PF002,S0343,1,DEBW522AA0000dc33,"POLYGON ((513010.29 5403342.97, 513009.41 5403341.4, 513006.96 5403340.28, 513005.41 5403343.08, 513004.84 5403344.12, 513004.09 5403345.48, 513005.11 5403347.51, 513006.33 5403349.93, 513008.98 5403348.58, 513009.42 5403348.8, 513011.3 5403344.96, 513010.29 5403342.97))",42.30559999790214,42.30559999790214,0.0
DEBW522AA0000dc32,08111000_0_010_15860_000,DEBW522AA0000dc32_PF003,S0344,1,DEBW522AA0000dc33,"POLYGON ((512996.02 5403331.67, 512994.82 5403339, 513004.84 5403344.12, 513005.41 5403343.08, 512997.11 5403338.73, 513001.88 5403336.41, 513001.72 5403331.97, 512999.21 5403333.18, 512996.02 5403331.67))",47.90920000092751,47.909200000927505,0.0
DEBW522AA0000dc32,08111000_0_010_15860_000,DEBW522AA0000dc32_PF004,S0345,1,DEBW522AA0000dc33,"POLYGON ((513001.72 5403331.97, 513001.88 5403336.41, 512997.11 5403338.73, 513005.41 5403343.08, 513006.96 5403340.28, 513007.86 5403338.4, 513002.5 5403327.93, 513002.17 5403327.8, 513000.79 5403330.21, 513001.72 5403331.97))",67.70995000133695,67.70995000133696,0.0
DEBW522AA0000dc32,08111000_0_010_15860_000,DEBW522AA0000dc32_PF005,S0346,1,DEBW522AA0000dc33,"POLYGON ((513010.29 5403342.97, 513017.39 5403341.07, 513006.89 5403320.24, 513002.5 5403327.93, 513007.86 5403338.4, 513006.96 5403340.28, 513009.41 5403341.4, 513010.29 5403342.97))",150.27054999863375,150.27054999863375,0.0
DEBW522AA0000dc32,08111000_0_010_15860_000,DEBW522AA0000dc32_PF006,S0347,1,DEBW522AA0000dc33,"POLYGON ((513004.09 5403345.48, 513004.84 5403344.12, 512994.82 5403339, 512996.02 5403331.67, 512994.62 5403331.01, 512992.83 5403339.92, 512999.6 5403343.26, 513004.09 5403345.48))",32.99804999974723,32.998049999747245,0.0
DEBW522AA00001e49,08111000_0_005_15860_000,DEBW522AA00001e49_PF001,S0348,1,DEBW522AA00001e4a,"POLYGON ((513120.97 5403417.59, 513127.96 5403403.07, 513110.7 5403394.65, 513102.26 5403401.01, 513118.36 5403422.98, 513118.53 5403422.62, 513118.67 5403422.35, 513120.97 5403417.59))",356.2722999953038,356.2722999953037,0.0
DEBW522AA0003e07e,08111000_0_009_15860_000,DEBW522AA0003e07e_PF001,S0349,1,DEBW522AA0003e07f,"POLYGON ((513088.47 5403358.63, 513086.85 5403359.6, 513083.22 5403354.67, 513082.43 5403355.15, 513072.81 5403360.9, 513082.56 5403374.16, 513094.87 5403366.73, 513088.47 5403358.63))",219.6977000024471,219.69770000244716,0.0
DEBW522AA0000006d,08111000_0_032_31820_000,DEBW522AA0000006d_PF001,S0350,1,DEBW522AA0000006f,"POLYGON ((513005.12 5403490.03, 513003 5403490.73, 512999.88 5403489.23, 512997.86 5403493.19, 513008.83 5403498.44, 513011.62 5403493.25, 513005.12 5403490.03))",66.25070000124171,66.25070000124171,0.0
DEBW522AA0000006d,08111000_0_032_31820_000,DEBW522AA0000006d_PF002,S0352|S0376,2,DEBW522AA0000006e|DEBW522AA0000006f,"POLYGON ((512980.61 5403513.07, 512981.15 5403513.34, 512987.81 5403499.9, 512981.36 5403496.7, 512974.7 5403510.14, 512975.24 5403510.41, 512970.71 5403519.44, 512969.31 5403522.32, 512969.04 5403522.87, 512967.83 5403525.36, 512973.14 5403528.14, 512974.71 5403524.98, 512980.61 5403513.07))",208.82334999974344,208.82334999974344,0.0
DEBW522AA0000006d,08111000_0_032_31820_000,DEBW522AA0000006d_PF003,S0354,1,DEBW522AA0000006f,"POLYGON ((513016.22 5403519.14, 513019.61 5403512.27, 513021.99 5403511.45, 513027.8 5403499.68, 513025.07 5403490.77, 513006.45 5403481.57, 513002.45 5403482.95, 513001.24 5403485.31, 512993.7 5403481.63, 512984.79 5403484.61, 512966.49 5403521.61, 512969.04 5403522.87, 512970.71 5403519.44, 512975.24 5403510.41, 512974.7 5403510.14, 512981.36 5403496.7, 512987.81 5403499.9, 512981.15 5403513.34, 512980.61 5403513.07, 512974.71 5403524.98, 512983.93 5403529.52, 512991.01 5403515.08, 512989.86 5403511.34, 512994.22 5403502.57, 512997.42 5403501.5, 513006.2 5403505.89, 513007.23 5403509.24, 513004.17 5403515.22, 513006.41 5403516.32, 513008.85 5403517.52, 513013.76 5403519.94, 513016.22 5403519.14))",1345.309699993209,1345.309699993209,0.0
DEBW522AA0000006d,08111000_0_032_31820_000,DEBW522AA0000006d_PF004,S0355|S0356,2,DEBW522AA0000006e,"POLYGON ((512997.49 5403540.42, 512997.55 5403540.31, 512973.11 5403528.2, 512973.06 5403528.31, 512997.49 5403540.42))",3.3538999967220207,23.640600965437326,81.8439110004074
DEBW522AA0000006d,08111000_0_032_31820_000,DEBW522AA0000006d_PF005,S0357,1,DEBW522AA0000006e,"POLYGON ((513015.71 5403526.12, 513016.38 5403526.13, 513016.99 5403525.85, 513017.42 5403525.33, 513017.57 5403524.68, 513017.43 5403524.02, 513017.01 5403523.49, 513016.67 5403524.18, 513016.36 5403524.81, 513015.71 5403526.12))",2.4764000000873,2.4764000000873,0.0
DEBW522AA0000006d,08111000_0_032_31820_000,DEBW522AA0000006d_PF006,S0358|S0360|S0377,3,DEBW522AA0000006e,"POLYGON ((513008.85 5403517.52, 513002.13 5403531.08, 513010.4 5403535.18, 513006.05 5403543.99, 513002.89 5403542.42, 512984.75 5403579.3, 512981.55 5403577.73, 512981.16 5403578.5, 512978.84 5403577.35, 512976.98 5403581.06, 512954.77 5403569.95, 512956.58 5403566.34, 512948.61 5403562.39, 512967.2 5403525.02, 512964.48 5403523.55, 512944.79 5403563.29, 512947.49 5403564.65, 512949.81 5403565.81, 512949.31 5403566.83, 512947.62 5403565.97, 512946.65 5403565.97, 512945.78 5403566.42, 512945.21 5403567.2, 512945.05 5403568.16, 512945.34 5403569.09, 512946.02 5403569.79, 512966.09 5403579.72, 512979.95 5403586.57, 512981.62 5403583.19, 512982.64 5403583.7, 512981.8 5403585.4, 512981.85 5403586.33, 512982.29 5403587.15, 512983.05 5403587.69, 512983.97 5403587.85, 512984.87 5403587.6, 512985.57 5403586.99, 513006.72 5403544.29, 513014.19 5403529.2, 513015.5 5403526.55, 513015.71 5403526.12, 513017.22 5403523.07, 513018.5 5403520.5, 513021.91 5403513.61, 513019.61 5403512.27, 513016.22 5403519.14, 513013.76 5403519.94, 513008.85 5403517.52))",731.5537000082256,731.5537000082261,0.0
DEBW522AA0000006d,08111000_0_032_31820_000,DEBW522AA0000006d_PF007,S0359,1,DEBW522AA0000006e,"POLYGON ((512958.4 5403559.44, 512973.89 5403528.53, 512967.83 5403525.36, 512967.2 5403525.02, 512948.64 5403562.34, 512954.5 5403565.31, 512957.6 5403559.04, 512958.4 5403559.44))",305.6194500069749,305.6194500069749,0.0
DEBW522AA0000006d,08111000_0_032_31820_000,DEBW522AA0000006d_PF008,S0361,1,DEBW522AA0000006e,"POLYGON ((513015.52 5403528.96, 513015.96 5403528.43, 513016.12 5403527.75, 513015.95 5403527.08, 513015.5 5403526.55, 513014.19 5403529.2, 513014.3 5403529.21, 513014.88 5403529.24, 513015.52 5403528.96))",2.6637000000648086,2.663700000064809,0.0
DEBW522AA0000006d,08111000_0_032_31820_000,DEBW522AA0000006d_PF009,S0362,1,DEBW522AA0000006e,"POLYGON ((513018.43 5403522.76, 513018.83 5403522.26, 513018.98 5403521.64, 513018.87 5403521.02, 513018.5 5403520.49, 513017.22 5403523.07, 513017.86 5403523.05, 513018.43 5403522.76))",2.2066999995639898,2.2066999995639898,0.0
DEBW522AA0000006d,08111000_0_032_31820_000,DEBW522AA0000006d_PF010,S0363,1,DEBW522AA0000006e,"POLYGON ((512978.84 5403577.35, 512974.89 5403575.4, 512977.35 5403570.48, 512963.23 5403563.53, 512960.77 5403568.42, 512956.58 5403566.34, 512954.77 5403569.95, 512976.98 5403581.06, 512978.84 5403577.35))",187.96474999286298,187.96474999286298,0.0
DEBW522AA0000006d,08111000_0_032_31820_000,DEBW522AA0000006d_PF011,S0364,1,DEBW522AA0000006e,"POLYGON ((512963.87 5403562.15, 512962.53 5403561.5, 512957.6 5403559.04, 512954.5 5403565.31, 512960.77 5403568.42, 512963.23 5403563.53, 512963.87 5403562.15))",49.04054999919077,49.04054999919077,0.0
DEBW522AA0000006d,08111000_0_032_31820_000,DEBW522AA0000006d_PF012,S0365,1,DEBW522AA0000006e,"POLYGON ((512997.76 5403539.88, 512997.37 5403539.69, 512981.04 5403572.96, 512979.22 5403576.58, 512984.75 5403579.3, 513002.89 5403542.42, 512997.76 5403539.88))",252.52429999550998,252.52429999551006,0.0
DEBW522AA0000006d,08111000_0_032_31820_000,DEBW522AA0000006d_PF013,S0366,1,DEBW522AA0000006e,"POLYGON ((512978 5403569.13, 512977.35 5403570.48, 512974.89 5403575.4, 512981.16 5403578.5, 512984.27 5403572.23, 512979.34 5403569.8, 512978 5403569.13))",48.86895000039997,48.86895000039997,0.0
DEBW522AA0000006d,08111000_0_032_31820_000,DEBW522AA0000006d_PF014,S0367,1,DEBW522AA0000006e,"POLYGON ((512997.25 5403530.33, 512996.57 5403530.5, 512995.96 5403530.86, 512995.49 5403531.38, 512995.21 5403531.92, 512995.08 5403532.52, 512995.1 5403533.13, 512995.27 5403533.71, 512995.58 5403534.23, 512996.02 5403534.66, 512995.68 5403535.34, 512999.15 5403537.07, 513001.57 5403532.19, 512999.19 5403531.01, 512998.62 5403530.6, 512997.96 5403530.36, 512997.25 5403530.33))",28.05775000101328,28.05775000101328,0.0
DEBW522AA0000006d,08111000_0_032_31820_000,DEBW522AA0000006d_PF015,S0368,1,DEBW522AA0000006e,"POLYGON ((513003.05 5403523.16, 512999.19 5403531.01, 513001.57 5403532.19, 513002.13 5403531.08, 513008.85 5403517.52, 513006.41 5403516.32, 513003.05 5403523.16))",44.06029999868943,44.06029999868943,0.0
DEBW522AA0000006d,08111000_0_032_31820_000,DEBW522AA0000006d_PF016,S0369,1,DEBW522AA0000006e,"POLYGON ((512996.02 5403534.66, 512995.58 5403534.23, 512995.27 5403533.71, 512995.1 5403533.13, 512995.08 5403532.52, 512995.21 5403531.92, 512995.49 5403531.38, 512993.3 5403530.29, 512991.77 5403533.4, 512995.68 5403535.34, 512996.02 5403534.66))",11.061399999966518,11.061399999966518,0.0
DEBW522AA0000006d,08111000_0_032_31820_000,DEBW522AA0000006d_PF017,S0370,1,DEBW522AA0000006e,"POLYGON ((513002.13 5403531.08, 512997.76 5403539.88, 513002.89 5403542.42, 513006.05 5403543.99, 513010.4 5403535.18, 513002.13 5403531.08))",90.78935000061696,90.78935000061698,0.0
DEBW522AA0000006d,08111000_0_032_31820_000,DEBW522AA0000006d_PF018,S0371|S0372,2,DEBW522AA0000006e,"POLYGON ((512999.1 5403537.17, 512999.16 5403537.06, 512974.72 5403524.95, 512974.66 5403525.07, 512999.1 5403537.17))",3.5369000054057835,24.84350795409991,81.81515238819595
DEBW522AA0000006d,08111000_0_032_31820_000,DEBW522AA0000006d_PF019,S0373|S0374,2,DEBW522AA0000006e,"POLYGON ((512999.01 5403537.37, 512999.1 5403537.17, 512974.66 5403525.07, 512974.57 5403525.26, 512999.01 5403537.37))",5.8552499955071085,14.123718614580671,65.50784903641188
DEBW522AA0000006d,08111000_0_032_31820_000,DEBW522AA0000006d_PF020,S0375,1,DEBW522AA0000006e,"POLYGON ((512981.96 5403571.09, 512997.11 5403540.21, 512994.57 5403538.97, 512979.34 5403569.8, 512981.96 5403571.09))",98.82125000150353,98.82125000150351,0.0
DEBW522AA0000006d,08111000_0_032_31820_000,DEBW522AA0000006d_PF021,S0379|S0380,2,DEBW522AA0000006e,"POLYGON ((512997.65 5403540.11, 512997.8 5403539.81, 512973.36 5403527.7, 512973.21 5403528, 512997.65 5403540.11))",9.148500006386655,13.978915424547006,49.12204727904304
DEBW522AA0000006d,08111000_0_032_31820_000,DEBW522AA0000006d_PF022,S0381|S0382,2,DEBW522AA0000006e,"POLYGON ((512997.55 5403540.31, 512997.65 5403540.11, 512973.21 5403528, 512973.11 5403528.2, 512997.55 5403540.31))",6.098999993581884,14.636315888104859,65.37337761298647
DEBW522AA0000006d,08111000_0_032_31820_000,DEBW522AA0000006d_PF023,S0383,1,DEBW522AA0000006e,"POLYGON ((512997.99 5403539.42, 512998.21 5403538.97, 512973.77 5403526.86, 512973.55 5403527.31, 512997.99 5403539.42))",13.662199993510427,14.238262058215332,16.353812408767993
DEBW522AA0000006d,08111000_0_032_31820_000,DEBW522AA0000006d_PF024,S0384|S0385,2,DEBW522AA0000006e,"POLYGON ((512997.8 5403539.81, 512997.99 5403539.42, 512973.55 5403527.31, 512973.36 5403527.7, 512997.8 5403539.81))",11.832500003190944,14.078396580212491,32.80999066958591
DEBW522AA0000006d,08111000_0_032_31820_000,DEBW522AA0000006d_PF025,S0386,1,DEBW522AA0000006e,"POLYGON ((512998.44 5403538.51, 512998.66 5403538.06, 512974.22 5403525.95, 512974 5403526.4, 512998.44 5403538.51))",13.662200004083871,14.238260550040867,16.35379157540783
DEBW522AA0000006d,08111000_0_032_31820_000,DEBW522AA0000006d_PF026,S0387,1,DEBW522AA0000006e,"POLYGON ((512998.21 5403538.97, 512998.44 5403538.51, 512974 5403526.4, 512973.77 5403526.86, 512998.21 5403538.97))",14.027699998727968,14.027699998727961,0.0
DEBW522AA0000006d,08111000_0_032_31820_000,DEBW522AA0000006d_PF027,S0388|S0389,2,DEBW522AA0000006e,"POLYGON ((512998.86 5403537.67, 512999.01 5403537.37, 512974.57 5403525.26, 512974.42 5403525.56, 512998.86 5403537.67))",9.148499995780668,13.978957070471761,49.12219508194308
DEBW522AA0000006d,08111000_0_032_31820_000,DEBW522AA0000006d_PF028,S0390|S0391,2,DEBW522AA0000006e,"POLYGON ((512998.66 5403538.06, 512998.86 5403537.67, 512974.42 5403525.56, 512974.22 5403525.95, 512998.66 5403538.06))",11.953600003302427,14.222477803156112,32.80996280918746
DEBW522AA0000006d,08111000_0_032_31820_000,DEBW522AA0000006d_PF029,S0392,1,DEBW522AA0000006e,"POLYGON ((512958.4 5403559.44, 512962.53 5403561.5, 512977.78 5403530.66, 512973.81 5403528.68, 512958.4 5403559.44))",155.70660000192908,155.70660000192913,0.0
DEBW522AA00023026,08111000_0_026_31900_000,DEBW522AA00023026_PF001,S0393,1,DEBW522AA00023027,"POLYGON ((513082.23 5403355.27, 513078.12 5403348.46, 513079.19 5403347.8, 513080 5403349.14, 513080.15 5403349.06, 513080.37 5403349.38, 513080.65 5403349.64, 513080.98 5403349.84, 513081.35 5403349.96, 513081.74 5403350, 513082.12 5403349.95, 513082.49 5403349.82, 513082.81 5403349.62, 513082.9 5403349.75, 513083.11 5403349.62, 513083.03 5403349.49, 513084.66 5403348.49, 513078.41 5403338.16, 513078.26 5403338.25, 513078.43 5403338.54, 513078.23 5403338.67, 513078.29 5403338.76, 513075.82 5403340.24, 513075.76 5403340.15, 513075.48 5403340.32, 513075.17 5403339.82, 513061.93 5403347.78, 513070.65 5403362.18, 513072.81 5403360.9, 513074.76 5403359.73, 513082.23 5403355.27))",288.7054999961916,288.7054999961915,0.0
DEBW522AA000241ff,08111000_0_032_31900_000,DEBW522AA000241ff_PF001,S0394,1,DEBW522AA00024200,"POLYGON ((512968.96 5403429.77, 512970.21 5403427.98, 512973.96 5403422.62, 512970.49 5403420.9, 512963.94 5403424.84, 512961.75 5403426.16, 512968.96 5403429.77))",51.44569999853534,51.44569999853535,0.0
DEBW522AA000241ff,08111000_0_032_31900_000,DEBW522AA000241ff_PF002,S0395,1,DEBW522AA00024200,"POLYGON ((512987.28 5403410.71, 512989.16 5403413.81, 512994.18 5403410.76, 512992.3 5403407.69, 512990.65 5403404.96, 512985.63 5403408, 512987.28 5403410.71))",39.8463999974179,39.8463999974179,0.0
DEBW522AA000241ff,08111000_0_032_31900_000,DEBW522AA000241ff_PF003,S0396,1,DEBW522AA00024200,"POLYGON ((512970.49 5403420.9, 512987.28 5403410.71, 512985.63 5403408, 512990.65 5403404.96, 512985.49 5403396.47, 512983.87 5403397.45, 512968.95 5403406.51, 512945.16 5403420.94, 512959.5 5403428.02, 512959.72 5403427.41, 512961.75 5403426.16, 512963.94 5403424.84, 512970.49 5403420.9))",544.7934000027474,544.7934000027475,0.0
DEBW522AA000241ff,08111000_0_032_31900_000,DEBW522AA000241ff_PF004,S0397,1,DEBW522AA00024200,"POLYGON ((512968.95 5403406.51, 512983.87 5403397.45, 512985.49 5403396.47, 512984.36 5403394.61, 512982.74 5403395.59, 512982.86 5403395.79, 512967.93 5403404.89, 512968.95 5403406.51))",37.815200001510284,37.81520000151028,0.0
DEBW522AA000241ff,08111000_0_032_31900_000,DEBW522AA000241ff_PF005,S0398|S0399,2,DEBW522AA00024200,"POLYGON ((512959.76 5403416.96, 512960.8 5403416.77, 512961.84 5403416.84, 512962.84 5403417.17, 512967.64 5403419.56, 512970.9 5403414.08, 512966.38 5403410.77, 512969.95 5403408.1, 512981.1 5403399.77, 512981.17 5403399.73, 512983.18 5403403.04, 512986.17 5403401.22, 512983.87 5403397.45, 512968.95 5403406.51, 512945.16 5403420.94, 512959.5 5403428.02, 512959.72 5403427.41, 512961.75 5403426.16, 512968.96 5403429.77, 512970.21 5403427.98, 512963.94 5403424.84, 512963.08 5403424.41, 512962 5403424.85, 512960.9 5403424.97, 512959.78 5403424.79, 512958.75 5403424.3, 512957.96 5403423.63, 512957.38 5403422.79, 512957 5403421.81, 512956.89 5403420.79, 512957.03 5403419.78, 512957.42 5403418.84, 512958.02 5403418.04, 512958.82 5403417.39, 512959.76 5403416.96))",234.86844998962775,234.86844998962763,0.0
DEBW522AA00043753,08111000_0_013_15860_000,DEBW522AA00043753_PF001,S0400,1,DEBW522AA00043754,"POLYGON ((513083.46 5403242.98, 513080.61 5403241.08, 513080.8 5403243.26, 513083.46 5403242.98))",2.9259999995757826,3.6661314155399785,37.0493834321305
DEBW522AA00043753,08111000_0_013_15860_000,DEBW522AA00043753_PF002,S0401,1,DEBW522AA00043754,"POLYGON ((513080.98 5403245.34, 513083.46 5403242.98, 513080.8 5403243.26, 513080.98 5403245.34))",2.791600000071665,3.5483625020636747,38.11911810629422
DEBW522AA00043753,08111000_0_013_15860_000,DEBW522AA00043753_PF003,S0402,1,DEBW522AA00043754,"POLYGON ((513086.68 5403243.76, 513092 5403237.68, 513080.41 5403238.82, 513086.68 5403243.76))",32.20119999892015,37.82663616614661,31.648429148415342
DEBW522AA00043753,08111000_0_013_15860_000,DEBW522AA00043753_PF004,S0403,1,DEBW522AA00043754,"POLYGON ((513087.12 5403248.44, 513086.68 5403243.76, 513080.41 5403238.82, 513080.58 5403240.7, 513080.61 5403241.08, 513083.46 5403242.98, 513080.98 5403245.34, 513081.75 5403254.13, 513082.04 5403257.4, 513087.12 5403248.44))",62.383700001961216,72.33711739894359,30.41260183363171
DEBW522AA00043753,08111000_0_013_15860_000,DEBW522AA00043753_PF005,S0404|S0413|S0418,3,DEBW522AA00043754,"POLYGON ((513065.54 5403261.8, 513063.13 5403262.75, 513052.63 5403263.83, 513052.91 5403266.53, 513058.58 5403265.99, 513058.59 5403266.12, 513064.11 5403265.64, 513082.04 5403257.4, 513081.75 5403254.13, 513065.54 5403261.8))",90.90410000328036,90.9078091824892,0.5175799203830049
DEBW522AA00043753,08111000_0_013_15860_000,DEBW522AA00043753_PF006,S0405,1,DEBW522AA00043754,"POLYGON ((513044.43 5403249.17, 513046.37 5403246.88, 513080.8 5403243.26, 513080.61 5403241.08, 513080.58 5403240.7, 513080.41 5403238.82, 513072.68 5403239.59, 513040.87 5403242.78, 513036.8 5403243.19, 513036.85 5403242.96, 513036.36 5403243.01, 513044.43 5403249.17))",193.86934998918616,230.24389561780634,32.64623830835206
DEBW522AA00043753,08111000_0_013_15860_000,DEBW522AA00043753_PF007,S0406,1,DEBW522AA00043754,"POLYGON ((513052.63 5403263.83, 513052.31 5403260.74, 513050.04 5403264.1, 513052.63 5403263.83))",4.044749999776016,4.527479280593166,26.699167730330508
DEBW522AA00043753,08111000_0_013_15860_000,DEBW522AA00043753_PF008,S0407,1,DEBW522AA00043754,"POLYGON ((513052.31 5403260.74, 513052.63 5403263.83, 513062.85 5403259.74, 513052.31 5403260.74))",16.444299999185827,25.540440765794568,49.92023721997948
DEBW522AA00043753,08111000_0_013_15860_000,DEBW522AA00043753_PF009,S0408,1,DEBW522AA00043754,"POLYGON ((513065.54 5403261.8, 513081.75 5403254.13, 513080.98 5403245.34, 513064.44 5403247.43, 513064.68 5403249.9, 513065.43 5403258.42, 513065.54 5403261.8))",193.02050000145556,193.02158614179098,0.19221083480495108
DEBW522AA00043753,08111000_0_013_15860_000,DEBW522AA00043753_PF010,S0409,1,DEBW522AA00043754,"POLYGON ((513052.91 5403266.53, 513050.04 5403264.1, 513052.31 5403260.74, 513051.4 5403251.23, 513046.37 5403246.88, 513044.43 5403249.17, 513045.72 5403263.6, 513053.3 5403270.07, 513052.91 5403266.53))",116.08679999871578,136.86509325312988,31.98528880414674
DEBW522AA00043753,08111000_0_013_15860_000,DEBW522AA00043753_PF011,S0410,1,DEBW522AA00043754,"POLYGON ((513052.63 5403263.83, 513050.04 5403264.1, 513052.91 5403266.53, 513052.63 5403263.83))",3.534300000209117,4.132722774198074,31.218283857837108
DEBW522AA00043753,08111000_0_013_15860_000,DEBW522AA00043753_PF012,S0411,1,DEBW522AA00043754,"POLYGON ((513053.3 5403270.07, 513045.72 5403263.6, 513039.17 5403271.48, 513046.2 5403270.78, 513053.3 5403270.07))",51.065100004554644,59.83617951039866,31.414917914361343
DEBW522AA00043753,08111000_0_013_15860_000,DEBW522AA00043753_PF013,S0412,1,DEBW522AA00043754,"POLYGON ((513045.72 5403263.6, 513044.43 5403249.17, 513036.36 5403243.01, 513036.39 5403243.39, 513036.05 5403243.38, 513036.05 5403244.22, 513036.47 5403244.17, 513036.77 5403247.2, 513036.39 5403247.24, 513036.47 5403248.07, 513036.85 5403248.04, 513037.15 5403251.02, 513036.8 5403251.05, 513036.92 5403251.93, 513037.23 5403251.9, 513037.54 5403254.97, 513037.22 5403255, 513037.27 5403255.84, 513037.62 5403255.78, 513037.92 5403258.86, 513037.56 5403258.88, 513037.65 5403259.76, 513038.01 5403259.72, 513038.3 5403262.72, 513037.96 5403262.75, 513038.07 5403263.69, 513038.4 5403263.66, 513038.7 5403266.7, 513038.33 5403266.74, 513038.48 5403267.68, 513038.79 5403267.63, 513039.06 5403270.35, 513038.62 5403270.38, 513038.77 5403271.5, 513039.17 5403271.48, 513045.72 5403263.6))",161.25430000151906,188.24846252817918,31.06265859978171
DEBW522AA00043753,08111000_0_013_15860_000,DEBW522AA00043753_PF014,S0414,1,DEBW522AA00043754,"POLYGON ((513065.54 5403261.8, 513062.85 5403259.74, 513063.13 5403262.75, 513065.54 5403261.8))",3.7600499997314647,5.796824282908044,49.560885300208085
DEBW522AA00043753,08111000_0_013_15860_000,DEBW522AA00043753_PF015,S0415,1,DEBW522AA00043754,"POLYGON ((513092.71 5403244.6, 513092.02 5403237.94, 513092 5403237.68, 513086.68 5403243.76, 513087.12 5403248.44, 513093.49 5403252.13, 513092.71 5403244.6))",57.01185000280469,65.692850933499,29.78970821504727
DEBW522AA00043753,08111000_0_013_15860_000,DEBW522AA00043753_PF016,S0416,1,DEBW522AA00043754,"POLYGON ((513093.49 5403252.13, 513087.12 5403248.44, 513082.04 5403257.4, 513093.49 5403252.13))",37.910199998565844,43.582081850413914,29.557917733868255
DEBW522AA00043753,08111000_0_013_15860_000,DEBW522AA00043753_PF017,S0417,1,DEBW522AA00043754,"POLYGON ((513046.37 5403246.88, 513051.4 5403251.23, 513064.68 5403249.9, 513064.44 5403247.43, 513080.98 5403245.34, 513080.8 5403243.26, 513046.37 5403246.88))",114.04405000833006,133.02924958275457,30.98684559071405
DEBW522AA00043753,08111000_0_013_15860_000,DEBW522AA00043753_PF018,S0419,1,DEBW522AA00043754,"POLYGON ((513052.63 5403263.83, 513063.13 5403262.75, 513062.85 5403259.74, 513052.63 5403263.83))",15.953699998852052,24.015796345869322,48.37133360664012
DEBW522AA00043753,08111000_0_013_15860_000,DEBW522AA00043753_PF019,S0420,1,DEBW522AA00043754,"POLYGON ((513065.43 5403258.42, 513062.85 5403259.74, 513065.54 5403261.8, 513065.43 5403258.42))",4.4327999998905465,7.809545750187119,55.41605709711333
DEBW522AA00027308,08111000_0_004_31900_000,DEBW522AA00027308_PF001,S0421|S0422|S0424|S0427|S0428,5,DEBW522AA00027309,"POLYGON ((513217.52 5403267.25, 513218.98 5403266.36, 513219.38 5403264.75, 513231.77 5403257.11, 513232.99 5403259.35, 513234.34 5403258.54, 513230.87 5403252.85, 513233.02 5403251.52, 513229.89 5403246.44, 513224.3 5403249.81, 513224.67 5403250.38, 513183.23 5403275.45, 513188.21 5403283.73, 513195.69 5403279.18, 513197.12 5403279.67, 513198.76 5403278.67, 513198.98 5403277.18, 513215.91 5403266.88, 513217.52 5403267.25), (513227.72 5403255.12, 513227.63 5403255.5, 513227.3 5403255.71, 513226.9 5403255.62, 513226.7 5403255.28, 513226.79 5403254.9, 513227.12 5403254.69, 513227.51 5403254.78, 513227.72 5403255.12), (513220.82 5403258.85, 513220.92 5403258.47, 513221.25 5403258.27, 513221.64 5403258.36, 513221.85 5403258.7, 513221.75 5403259.08, 513221.42 5403259.28, 513221.03 5403259.19, 513220.82 5403258.85), (513215.97 5403262.27, 513215.88 5403262.65, 513215.55 5403262.86, 513215.16 5403262.77, 513214.95 5403262.43, 513215.04 5403262.05, 513215.37 5403261.84, 513215.76 5403261.93, 513215.97 5403262.27), (513210.1 5403265.85, 513210.01 5403266.23, 513209.68 5403266.44, 513209.29 5403266.35, 513209.08 5403266, 513209.17 5403265.63, 513209.5 5403265.42, 513209.89 5403265.51, 513210.1 5403265.85), (513203.64 5403268.99, 513204.02 5403269.09, 513204.23 5403269.43, 513204.13 5403269.82, 513203.79 5403270.02, 513203.41 5403269.92, 513203.21 5403269.58, 513203.3 5403269.19, 513203.64 5403268.99), (513197.43 5403272.77, 513197.77 5403272.57, 513198.15 5403272.66, 513198.35 5403273, 513198.26 5403273.39, 513197.92 5403273.59, 513197.54 5403273.5, 513197.33 5403273.16, 513197.43 5403272.77), (513191.89 5403276.15, 513192.27 5403276.24, 513192.48 5403276.58, 513192.38 5403276.97, 513192.05 5403277.17, 513191.67 5403277.08, 513191.46 5403276.73, 513191.56 5403276.35, 513191.89 5403276.15), (513186.43 5403279.79, 513186.53 5403279.41, 513186.87 5403279.21, 513187.25 5403279.3, 513187.46 5403279.64, 513187.36 5403280.03, 513187.02 5403280.23, 513186.64 5403280.14, 513186.43 5403279.79))",524.8435999987238,524.8435999987238,0.0
DEBW522AA00027308,08111000_0_004_31900_000,DEBW522AA00027308_PF002,S0423|S0425|S0426|S0432|S0433|S0434,6,DEBW522AA00027309,"POLYGON ((513217.52 5403267.25, 513218.98 5403266.36, 513219.38 5403264.75, 513231.77 5403257.11, 513232.99 5403259.35, 513234.34 5403258.54, 513230.87 5403252.85, 513233.02 5403251.52, 513229.89 5403246.44, 513224.3 5403249.81, 513224.67 5403250.38, 513183.23 5403275.45, 513188.21 5403283.73, 513195.69 5403279.18, 513197.12 5403279.67, 513198.76 5403278.67, 513198.98 5403277.18, 513215.91 5403266.88, 513217.52 5403267.25), (513226.79 5403254.9, 513227.12 5403254.69, 513227.51 5403254.78, 513227.72 5403255.12, 513227.63 5403255.5, 513227.3 5403255.71, 513226.9 5403255.62, 513226.7 5403255.28, 513226.79 5403254.9), (513221.64 5403258.36, 513221.85 5403258.7, 513221.75 5403259.08, 513221.42 5403259.28, 513221.03 5403259.19, 513220.82 5403258.85, 513220.92 5403258.47, 513221.25 5403258.27, 513221.64 5403258.36), (513215.97 5403262.27, 513215.88 5403262.65, 513215.55 5403262.86, 513215.16 5403262.77, 513214.95 5403262.43, 513215.04 5403262.05, 513215.37 5403261.84, 513215.76 5403261.93, 513215.97 5403262.27), (513210.1 5403265.85, 513210.01 5403266.23, 513209.68 5403266.44, 513209.29 5403266.35, 513209.08 5403266, 513209.17 5403265.63, 513209.5 5403265.42, 513209.89 5403265.51, 513210.1 5403265.85), (513203.64 5403268.99, 513204.02 5403269.09, 513204.23 5403269.43, 513204.13 5403269.82, 513203.79 5403270.02, 513203.41 5403269.92, 513203.21 5403269.58, 513203.3 5403269.19, 513203.64 5403268.99), (513197.33 5403273.16, 513197.43 5403272.77, 513197.77 5403272.57, 513198.15 5403272.66, 513198.35 5403273, 513198.26 5403273.39, 513197.92 5403273.59, 513197.54 5403273.5, 513197.33 5403273.16), (513191.89 5403276.15, 513192.27 5403276.24, 513192.48 5403276.58, 513192.38 5403276.97, 513192.05 5403277.17, 513191.67 5403277.08, 513191.46 5403276.73, 513191.56 5403276.35, 513191.89 5403276.15), (513186.43 5403279.79, 513186.53 5403279.41, 513186.87 5403279.21, 513187.25 5403279.3, 513187.46 5403279.64, 513187.36 5403280.03, 513187.02 5403280.23, 513186.64 5403280.14, 513186.43 5403279.79))",524.8435999987238,524.8435999987239,0.0
DEBW522AA00027308,08111000_0_004_31900_000,DEBW522AA00027308_PF003,S0429,1,DEBW522AA00027309,"POLYGON ((513243.53 5403304.48, 513257.32 5403296.2, 513257 5403295.67, 513244.74 5403275.57, 513238.65 5403265.6, 513234.34 5403258.54, 513230.87 5403252.85, 513233.02 5403251.52, 513229.89 5403246.44, 513224.3 5403249.81, 513224.67 5403250.38, 513183.23 5403275.45, 513188.21 5403283.73, 513191.6 5403289.3, 513204.95 5403311.23, 513204.78 5403311.33, 513209.67 5403319.36, 513209.83 5403319.24, 513212.34 5403323.35, 513243.53 5403304.48))",2963.6999000091673,2963.699900009167,0.0
DEBW522AA00027308,08111000_0_004_31900_000,DEBW522AA00027308_PF004,S0430,1,DEBW522AA00027309,"POLYGON ((513204.78 5403311.33, 513209.67 5403319.36, 513209.83 5403319.24, 513212.34 5403323.35, 513243.53 5403304.48, 513243.27 5403304.06, 513244.57 5403303.25, 513243.85 5403301.94, 513245.08 5403301.12, 513245.91 5403302.45, 513253.17 5403297.98, 513252.54 5403296.8, 513253.6 5403296.19, 513254.25 5403297.37, 513257 5403295.67, 513244.74 5403275.57, 513233.62 5403282.39, 513234.04 5403283.18, 513232.88 5403283.95, 513232.34 5403283.05, 513218.44 5403291.52, 513223.78 5403300.36, 513209.33 5403309.15, 513203.45 5403299.2, 513206.6 5403297.31, 513199.07 5403284.82, 513191.6 5403289.3, 513204.95 5403311.23, 513204.78 5403311.33))",1211.198200002062,1211.198200002062,0.0
DEBW522AA00027308,08111000_0_004_31900_000,DEBW522AA00027308_PF005,S0431,1,DEBW522AA00027309,"POLYGON ((513212.34 5403323.35, 513243.53 5403304.48, 513243.27 5403304.06, 513244.57 5403303.25, 513243.85 5403301.94, 513245.08 5403301.12, 513245.91 5403302.45, 513253.17 5403297.98, 513252.54 5403296.8, 513253.6 5403296.19, 513254.25 5403297.37, 513257 5403295.67, 513255.75 5403293.63, 513244.74 5403275.57, 513233.62 5403282.39, 513234.04 5403283.18, 513232.88 5403283.95, 513232.34 5403283.05, 513218.44 5403291.52, 513223.78 5403300.36, 513209.33 5403309.15, 513203.45 5403299.2, 513206.6 5403297.31, 513199.07 5403284.82, 513191.6 5403289.3, 513204.95 5403311.23, 513204.78 5403311.33, 513209.67 5403319.36, 513209.83 5403319.24, 513212.34 5403323.35))",1211.140900002532,1211.1409000025321,0.0
DEBW522AA00015486,08111000_0_007_02930_000,DEBW522AA00015486_PF001,S0435,1,DEBW522AA00015488,"POLYGON ((513189.09 5403400.99, 513205.95 5403388.3, 513200.4 5403377.99, 513186.43 5403388.66, 513147.61 5403412.65, 513158.54 5403424.28, 513191.19 5403404.07, 513189.09 5403400.99))",870.1058000001598,870.1058000001598,0.0
DEBW522AA00015486,08111000_0_007_02930_000,DEBW522AA00015486_PF002,S0436,1,DEBW522AA00015487,"POLYGON ((513219.18 5403380.06, 513215.31 5403372.5, 513206.12 5403355.93, 513197.64 5403360.55, 513192.81 5403363.18, 513193.59 5403364.61, 513193.29 5403364.8, 513200.4 5403377.99, 513205.95 5403388.3, 513212.54 5403383.43, 513218.27 5403393.86, 513203.22 5403405.74, 513202.65 5403405.09, 513159.73 5403431.97, 513154.99 5403426.36, 513158.54 5403424.28, 513147.61 5403412.65, 513139.71 5403417.49, 513142.05 5403420.36, 513139.3 5403422.98, 513140.42 5403424.15, 513152.27 5403436.5, 513155.58 5403442.17, 513207.16 5403410.27, 513206.18 5403408.98, 513226 5403393.85, 513219.18 5403380.06))",1282.2898999947924,1282.2898999947931,0.0
DEBW522AA00015486,08111000_0_007_02930_000,DEBW522AA00015486_PF003,S0437,1,DEBW522AA00015487,"POLYGON ((513158.54 5403424.28, 513154.99 5403426.36, 513159.73 5403431.97, 513202.65 5403405.09, 513203.22 5403405.74, 513218.27 5403393.86, 513212.54 5403383.43, 513205.95 5403388.3, 513189.09 5403400.99, 513191.19 5403404.07, 513158.54 5403424.28))",634.738599987189,634.738599987189,0.0
DEBW522AA0000ea62,08111000_0_010_29280_000,DEBW522AA0000ea62_PF001,S0438|S0439|S0440|S0441,4,DEBW522AA0000ea63,"POLYGON ((512970.44 5403276.52, 512970.97 5403281.76, 512978.89 5403280.96, 512974.33 5403236.01, 512966.4 5403236.81, 512966.92 5403241.98, 512970.44 5403276.52))",359.9379000028541,362.64977900904046,7.011324766710394
DEBW522AA0000ea62,08111000_0_010_29280_000,DEBW522AA0000ea62_PF002,S0442,1,DEBW522AA0000ea63,"POLYGON ((512973.71 5403229.9, 512974.33 5403236.01, 512978.89 5403280.96, 512979.34 5403285.43, 512979.62 5403288.2, 512994.19 5403286.72, 512988.28 5403228.43, 512973.71 5403229.9))",857.9595499998591,857.959549999859,0.0
DEBW522AA0000ea62,08111000_0_010_29280_000,DEBW522AA0000ea62_PF003,S0443,1,DEBW522AA0000ea63,"POLYGON ((512973.5 5403227.89, 512922.23 5403233.11, 512920.81 5403236.93, 512973.88 5403231.53, 512973.5 5403227.89))",191.83289999910258,191.8328999991026,0.0
DEBW522AA0000ea62,08111000_0_010_29280_000,DEBW522AA0000ea62_PF004,S0444,1,DEBW522AA0000ea63,"POLYGON ((512979.34 5403285.43, 512971.45 5403286.23, 512971.92 5403290.86, 512979.82 5403290.06, 512979.62 5403288.2, 512979.34 5403285.43))",36.91724999936303,36.91724999936304,0.0
DEBW522AA0000ea62,08111000_0_010_29280_000,DEBW522AA0000ea62_PF005,S0445,1,DEBW522AA0000ea63,"POLYGON ((512925.46 5403235.91, 512915.47 5403262.87, 512922.41 5403265.44, 512932.4 5403238.48, 512925.46 5403235.91))",212.77670000290715,212.77670000290718,0.0
DEBW522AA0000ea62,08111000_0_010_29280_000,DEBW522AA0000ea62_PF006,S0446,1,DEBW522AA0000ea63,"POLYGON ((512926.43 5403260.2, 512970.44 5403276.52, 512966.92 5403241.98, 512931.86 5403245.55, 512926.43 5403260.2))",978.4514499896948,978.4514499896947,0.0
DEBW522AA0000ea62,08111000_0_010_29280_000,DEBW522AA0000ea62_PF007,S0447|S0448,2,DEBW522AA0000ea63,"POLYGON ((512965.53 5403228.7, 512922.23 5403233.11, 512920.81 5403236.93, 512909.28 5403268.08, 512970.97 5403290.96, 512971.96 5403291.28, 512971.92 5403290.86, 512971.45 5403286.23, 512979.34 5403285.43, 512978.89 5403280.96, 512970.97 5403281.76, 512970.44 5403276.52, 512926.43 5403260.2, 512931.86 5403245.55, 512966.92 5403241.98, 512966.4 5403236.81, 512974.33 5403236.01, 512973.71 5403229.9, 512988.28 5403228.43, 512994.19 5403286.72, 512979.62 5403288.2, 512979.82 5403290.06, 512979.83 5403290.22, 512997.86 5403288.32, 512991.55 5403226.05, 512973.5 5403227.89, 512965.53 5403228.7), (512932.4 5403238.48, 512922.41 5403265.44, 512915.47 5403262.87, 512925.46 5403235.91, 512932.4 5403238.48))",1804.7309000003477,1804.7309000003486,0.0
DEBW522AA00042048,08111000_A_009_15860_000,DEBW522AA00042048_PF001,S0449,1,DEBW522AA00042049,"POLYGON ((513064.23 5403308.49, 513062.5 5403309.48, 513059.47 5403301.79, 513053.01 5403304.08, 513046.82 5403306.28, 513046.85 5403306.38, 513047.05 5403306.96, 513045.88 5403307.38, 513046.14 5403308.13, 513046.41 5403308.87, 513046.68 5403309.61, 513046.95 5403310.35, 513047.23 5403311.09, 513047.52 5403311.83, 513047.8 5403312.56, 513048.09 5403313.3, 513048.39 5403314.03, 513048.69 5403314.76, 513049 5403315.49, 513049.3 5403316.22, 513049.62 5403316.94, 513049.93 5403317.67, 513050.25 5403318.39, 513050.58 5403319.11, 513050.91 5403319.83, 513051.24 5403320.53, 513051.58 5403321.25, 513051.92 5403321.96, 513052.27 5403322.67, 513052.62 5403323.38, 513052.97 5403324.09, 513053.33 5403324.79, 513053.69 5403325.49, 513054.06 5403326.19, 513054.43 5403326.89, 513054.8 5403327.59, 513055.18 5403328.28, 513055.46 5403328.78, 513074.97 5403319.35, 513074.57 5403318.53, 513079.53 5403315.45, 513072.86 5403304.33, 513072.68 5403304.03, 513064.43 5403308.73, 513064.23 5403308.49))",515.720899993628,515.7208999936278,0.0
DEBW522AA00003661,08111000_0_003_15860_000,DEBW522AA00003661_PF001,S0450,1,DEBW522AA00003662,"POLYGON ((513139.71 5403417.49, 513138.85 5403416.44, 513130.2 5403405.86, 513123.85 5403418.98, 513120.97 5403417.59, 513118.67 5403422.35, 513118.53 5403422.62, 513127.61 5403434.36, 513140.42 5403424.15, 513139.3 5403422.98, 513142.05 5403420.36, 513139.71 5403417.49))",330.716850000548,330.71685000054794,0.0
